Entity,Type
शरद पवार,Person
प्रफुल्ल पटेल,Person
अजित पवार,Person
छगन भुजबळ,Person
मधुकरराव पिचड,Person
आर. आर. पाटील,Person
सुनिल तटकरे,Person
भास्कर जाधव,Person
जितेंद्र आव्हाड,Person
कंवलसिंग चौहान,Person
प्रगतीशील शेतकरी संघटना,Organization
सेनीपत,Location
त्यांचा,Person
भारत,Organization
भारत,Location
मृत्यू,Event
छायाचित्रकार,Person
राज्य,Location
राष्ट्रीय पातळ,Location
पीडित व्यक्ती,Person
दलित समाज,Organization
घटनांत,Event
काँग्रेस,Organization
धक्का,Event
नितीन गडकरी,Person
एमएसएमई,Organization
केंद्र सरकार,Organization
मालवाहू ठिकाण,Location
रॅक्स,Product
सिंधू,Person
समीर,Person
ऑस्ट्रेलियन ओपन,Organization
ऑस्ट्रेलियन ओपन,Event
मला,Person
माझ्या समुपदेशकांची,Person
नैराश्याचा सामना,Event
आठवले,Person
त्याच,Person
न्यायालय,Organization
पोलिस,Organization
मार्गावार,Location
विसर्जन मिरवणूक,Event
सर्व जण,Person
काम,Event
जामीनावर,Location
इमारत,Location
खिडक्यांच्या काचा,Product
आणखी,Location
न्यूझीलंड,Organization
ती,Location
शिक्षक,Person
डॉक्टर,Person
बुलडाणा जिल्ह्या,Location
खामगाव,Location
व्यक्ती,Person
डॉक्टरांनी,Person
तपासणी,Event
तर,Person
जण,Person
पोलीस,Organization
रेस्क्यू टीम,Organization
घटनास्थळी,Location
आणि,Event
शहरात,Location
डेंग्यूचाही,Event
पवार,Person
पत्रकार परिषद,Organization
विधानभवन,Organization
येथे,Location
यहोवा,Person
निर्ग,Location
नात्सी,Person
यहोवा,Person
छळ छावण्यां,Location
तात्काळ,Person
पोलिसांनी,Organization
रुग्णालय,Location
तात्काळ स्थानिक,Location
एएनआय,Organization
या भागात,Location
चकमक सुरू,Event
पोलис,Organization
प्रश्न,Event
शैलजा मोरे,Person
भाजप,Organization
मात्र,Person
पंतप्रधान मोदी,Person
विराट कोहली,Person
टीम इंडिया,Organization
रॅंकिंग,Event
आले-लसणाची पेस्ट,Product
कंपनी,Organization
गडहिंग्लज,Location
चंदगड,Location
एइनापूर,Location
त्याच्या,Person
युद्धाला,Event
याप्रकरणी,Organization
सहकार,Organization
पोलीस,Organization
ठाण्यात,Organization
सहकारनगर,Location
ठाण्यात,Location
देव,Person
राज्य,Organization
द्रौपदी मुरमू,Person
जयंत सिन्हा,Person
रघुवर दास,Person
झारखंड,Location
देव,Person
ब्रायन लारा,Person
रिचर्डस्,Person
कोहली,Person
सैफखेरीज,Person
सोनाक्षी सिन्हा,Person
तरीसुद्धा,Person
सार्वभौम,Organization
महमद नाशीद,Person
मालदीव,Organization
भारत,Location
मालदीव,Location
जण,Person
जिल्ह,Location
मृत्यू,Event
स्वाईन फ्लून,Product
मला,Person
समुद्र,Location
हा नियम,Organization
गाव,Location
मुंबई,Location
लंडन,Location
 कार्यशाळा,Event
 व्याख्यान,Event
चंकी पांडेक,Person
अनन्या पांडे,Person
तारा सुतारिया,Person
अंकिता,Person
राकीमोव्हा,Person
अनास्थाशिया पोटापोव्हा,Person
ऍना ब्लिन्कोव्हा,Person
रशिय,Location
देश,Location
कोकण,Location
गोव्यात,Location
मध्य महाराष्ट्रात,Location
मराठवाड्यात,Location
विदर्भात,Location
पाऊस,Event
सिरिल,Person
मेथोडियस,Person
रोम,Location
कोल्हापूर,Location
सांगली,Location
एडिसन,Person
टरबूज,Product
काकडी,Product
कलिंगड,Product
आहार,Product
देश,Location
लॉकडाऊन,Event
कोरोना व्हायरस,Product
हा,Person
सोशल मीडिया,Organization
तुफान,Event
आप्न,Person
नarendra modi,Person
भाजपा,Organization
आव्हाने,Event
भूकंप,Event
भूकंप मापन यंत्र,Product
स्टुडिओमधल्या एका एक्स्ट्रा,Person
बर्लिन,Location
तुम्हाला,Person
संजय राऊत,Person
शिवसेना,Organization
षक स्पर्धा,Event
त्याचा,Person
मृत्यु,Event
जागा,Location
अगोदरपासून,Event
स्टीव्ह स्मिथ,Person
विराट,Person
सरकार,Organization
सुनावणी,Event
त्यांच्याशी,Person
डिनरला,Product
तिने,Person
चौकशी,Event
तेजपाल,Person
"वास्को, येथील",Location
साडा,Product
केरळ,Location
घटना,Event
तव्य,Product
तान्ह्या मुलां,Person
बालके,Person
भाकरी,Product
पाछा,Person
पोलिस,Organization
ईद,Event
आर्थिक,Organization
वाटप सुरू करण्यात आले,Event
सचिन पायलट,Person
गेहलोत,Person
पराभव,Event
पोलाद केंद्रीय राज्यमंत्री,Person
विष्णूदेव साई,Person
भारत पोलाद,Organization
भारत पोलाद परिषद,Organization
मुंबई,Location
भारत पोलाद 2019 परिषद,Event
पोलाद,Product
शेतकऱ्यांचा,Person
येथील,Location
अवती,Person
उद्रेक,Event
अक्षय कुमार,Person
ट्विटर,Organization
सूर्यवंशी,Event
ट्विटर,Product
वायूसेन,Organization
प्रदर्शन,Event
राफेल,Product
तेजस,Product
लाढाऊ विमान,Product
हेलिकॉप्टर,Product
आकाश मिसाईल प्रणाली,Product
अस्त्र मिसाईल,Product
Smartphone,Product
Fast charging,Product
आपण,Location
याकोबा,Person
एसाव,Person
एल बेथेल,Location
सामाजिक क्रांती,Event
India,Location
today's,Event
भाजप,Organization
आलिया,Person
रणबीर,Person
जण,Person
कंपनी,Organization
चीन,Location
स्फोट,Event
पोलीस,Person
नियंत्रण मिळवण्यासाठी,Event
ती,Person
बांगलादेश मुक्ति आंदोलन,Event
16 जण,Person
आगीचा,Location
भडका,Event
तुझे वडील,Person
तू,Person
त्या,Person
शासन,Person
शासन,Organization
बीसीसीआय,Organization
नागरिक,Person
राहुल गांधी,Person
घणाघात,Event
त्यांनी,Person
 परमेश्वर,Organization
मेंढ्या,Product
माउस,Product
ते,Person
घरी,Location
विजय वडेट्टीवार,Person
भारत,Location
ऑस्ट्रेलिया,Location
स्पर्धेत,Event
केस,Person
पंतप्रधान,Person
डॉक्टर,Person
याशिवाय,Location
लहाणपणापासून,Location
हा,Person
आपण,Organization
इथे,Location
महिलां,Person
पुरुषां,Person
शरद पवार,Person
तसंच काँग्रेस,Organization
प्रत्येक,Person
राजकारण,Organization
2011 साली,Event
बोगद्याचे काम,Product
पाच महिला,Person
एका पुरुष,Person
त्यानंतर,Person
वक्तव्य,Event
विरोधक,Person
भाजप,Organization
हवामान विभाग,Organization
ठिकाणी,Location
अतिवृष्टी,Event
निकाल,Person
सर्वसंमती,Organization
अयोध्या,Location
खटला,Event
दिल्ली,Location
सुरक्षेचा यावेळी,Event
भारतीय क्रिकेट,Organization
ऐतिहासिक क्षण,Event
भाजप,Organization
सरकार,Event
तसंच,Person
सर्व नेते,Person
भाजप,Organization
イク्बालसिंग चहल,Person
महापालिका,Organization
मुंबई,Location
गुरबाजने,Person
अफगाण,Organization
आपण,Location
रणवीर सिंग,Person
दीपिका पदुकोण,Person
तिने,Person
फिल्म अ‍ॅण्ड टेलिव्हिजन इन्स्टिट्युट ऑफ इंडिया,Organization
एफटीआयआय,Organization
पुण्या,Location
सर्व भारतीयांना,Person
भारत,Location
ओळखपत्र,Product
नोंदणी कार्ड,Product
रास्तारोका,Location
आंदोलन,Event
user,Organization
त्यां,Person
पशू,Product
एक कोण,Person
आई,Person
चिंता करितो,Person
विश्व,Location
माझी बहीण,Person
आता,Person
ऒस्ट्रेलिया,Organization
स्कॉटलंड,Location
इंग्लंड,Location
कामगिरी,Event
सरकार,Person
संस्थात्मक,Organization
तग्नरूण,Person
पोलिस,Person
तपास,Event
पोलिसा,Organization
पोहचले,Event
,Person
,Organization
त्यांचे,Person
कामाकडे,Organization
बोचऱ्या थंडीचा कडाकाही,Product
टॉमने,Person
मेरी,Person
टोमॅटो,Product
पोलीस उपनिरीक्षक निमगीरे,Person
रेल्वे,Organization
माझ्या देश,Location
रेल्वेच्या तिकिट,Product
पोलिस,Person
पोलिस,Organization
आंदोलक,Event
अशा बाबींशी,Person
उद्धव ठाकरे,Person
फडनवीस,Person
गडकरी,Person
कंगना,Person
आदित्य पांचолі,Person
दीपक शिर्के,Person
जय,Person
आयुष्य,Event
हिमालय,Location
अँडीज,Location
उत्क्षेपांमुळे,Event
हालचาลींमुळे,Event
त्याची,Person
हिंदुस्थान,Location
पाकिस्तान,Location
तुम्हाला,Person
मी,Person
निर्णय,Person
काँग्रेस,Organization
गांगुली,Person
शर्यत,Event
सैतान,Person
देव,Organization
माधुरी दीक्षित,Person
करण जोहर,Person
नेटफ्लिक्स,Organization
ऐक,Person
भाजप,Organization
राष्ट्रपती रामनाथ कोविंद,Person
संसद,Organization
अर्थसंकल्पीय अधिवेशन,Event
महाराज,Person
प्रतापगड,Location
आपण,Person
सगळे,Person
बघत,Person
विदर्भ,Location
मराठवाड्य,Location
उष्णतेची लाट,Event
स्टार्च,Product
बटатів,Product
कार्य,Event
मज्या,Organization
राज्यां,Person
भाजप,Organization
राज्यांमध्ये,Location
बैठक,Event
महात्मा गांधी,Person
भावा,Location
नीतिमत्ता,Person
बायबलमध्ये,Organization
पेट्रोल-डिझेच्या,Organization
वाढ,Event
पेट्रोल,Product
पेट्रोल,Product
येश,Person
यहोवा,Person
भविष्यवाणी,Event
बॉक्स ऑफिस,Location
प्रियंका चतुर्वेदी,Person
काँग्रेस,Organization
शिवसेना,Organization
प्रशासन,Organization
पोलीस,Organization
येथे,Location
_TextChanged_59 साली,Person
लोक सेवा आयोग,Organization
दोन्ही देश,Location
जण,Person
मला,Person
घरात,Location
त्याला,Person
सोन्या,Product
रोहित शर्मा,Person
वनडे क्रिकेट,Event
बोअरवेल्स,Organization
अशा ठिकाणी,Location
काश्मीर,Location
शहीद,Event
मी,Person
निवृत्ती,Event
अदोम,Person
मोशे,Person
इस्राएली,Organization
देश,Location
शरद पवार,Person
एमसीएच्या,Organization
भारतीय,Person
BWF,Organization
ऑलिम्पिक,Location
passport,Event
आप,Organization
मार्ग,Location
त्यामुळे,Person
भाजप,Organization
तुम्ही,Person
आपल्या,Person
भूतकाळ,Event
भविष्यात,Event
तरुण,Person
शिव प्रताप शुक्ला,Person
सचिन तेंडुलकर,Person
डेविड व्वर्नर,Person
ख्रिस गेल,Person
हाशिम आमला,Person
विराट कोहली,Person
सनथ जयसूर्या,Person
अजित डोवल,Person
दंगल,Location
भीषण,Person
या,Location
अपघातात,Event
Yeshu,Person
मी,Person
त्यांनी,Person
स्टॅच्यू ऑफ युनिटी,Organization
एकता नर्सेरी,Organization
येथील,Location
 स्टॅच्यू ऑफ युनिटी,Location
सियोनच्या राजवा्य,Person
उंच,Location
लीटर,Product
रु,Product
एएफपी,Organization
वृत्तसंस्था,Organization
जपान,Location
फिलिपिन्स,Location
Salman,Person
Atul Agnihotri,Person
माकडीण,Person
इंद्रायणी,Person
 इंद्रायणी महाविद्यालय,Organization
इंद्रायणी,Location
ते,Person
अमदार,Person
भाजप,Organization
इस्राएली,Organization
राष्ट्र,Location
त्यांच,Person
मुंबईतील एका खासगी रुग्णालय,Organization
मुंबई,Location
हत्ती,Location
ही,Person
त्यां,Organization
भूमिका,Location
विशाल मिश्रा,Person
शिवपाल यादव,Person
फिरोजाबाद,Location
लोकसभा निवडणूक,Event
सिरिअल कंसोल रिमोट,Product
त्याने,Person
तिला,Person
त्याला,Person
तिनेही,Person
शाहिद,Person
मीरा राजपूत,Person
ईशान्य,Location
हिंदुस्थान,Location
अरुणाचल प्रदेश,Location
नागालँड,Location
मिझोराम,Location
मणिपूर,Location
म्यानमार,Location
अटल बिहारी वाजपेयी,Person
साक्षीदार,Person
तपासण्यात,Event
नायडू,Person
नायडू रुग्णालय,Organization
पुण्य,Location
अहाब,Person
यहोशाफात,Person
मनून,Person
हमी,Organization
स्वतःवर संस्था,Organization
विद्यापीठ व्यवस्थापन परिषद,Organization
बैठक,Event
 Israelis ,Person
Israël,Location
Bakar,Product
Gorha,Product
Kokaru,Product
अद्याप,Person
त्याची,Person
शासन,Organization
राहुल गांधी,Person
राजीनाम,Event
बँकां,Organization
सरकार,Organization
मी,Person
तुझा नोकर,Organization
याखेरीज,Organization
मध्य प्रदेश,Location
Railway Project,Product
Overhead Transmission System,Product
गोपीचंद पडळकर,Person
भाजप,Organization
बारामती,Location
त्याची ही चौथी वारी,Event
विराट कोहली,Person
मुंबई,Location
भारत,Location
पोलिस,Person
अमेरिकन दूतावास,Organization
अमेरिक,Location
घटने,Event
लव यात्री,Person
आयुष शर्मा,Person
वरिना हुसैन,Person
लडाखमधील,Location
अज खुले करण्यात आले,Event
त्याला,Person
सायन रुग्णालय,Organization
सायन,Location
आरोपी,Person
पोलिस,Organization
घटना,Event
आम्ही,Location
संस्था,Organization
मी,Person
सुपारी,Location
खांडही,Product
तिच्या,Person
मृत्यू,Event
९९ जण,Person
करोनाची लागण,Event
मनोहरलाल शर्मा,Person
चंद्रकांत पाटील,Person
मुद्द्यांवर झाले मंथन,Event
तेल कंपन्यां,Organization
एलपीजी,Product
ग्राहकांनी,Organization
बँक,Organization
महाराष्ट्र,Location
संपाला,Person
डोंगरावर,Location
वाडगा,Location
मध्ये,Location
तापमानाचा पारा,Product
भारत,Location
महिला,Person
पुरुष,Person
गट,Organization
स्वतः,Person
हा,Person
तिच्या,Person
जीएसटी,Organization
पाच सदस्य,Person
त्याची,Person
महिन्याकाठी,Location
प्रणव मुखर्जी,Person
पुरस्कारांचे वितरण,Event
दारू,Product
भारतीय रेल्वे,Organization
तू,Person
माझे,Organization
मच्छीमारां,Person
समुद्र,Location
मासेमारी,Event
सखी,Person
मामी,Person
पंतप्रधान नरेंद्र मोदी,Person
उत्तर,Location
नेपाळ,Location
भारत,Location
त्याने,Person
खेळी,Event
वाचा,Person
जил्ह्य,Location
अपघात,Event
धन्वी भानुशाली,Person
सचेत टंडन,Person
तनिष्क बाग्ची,Person
शहर,Location
नल,Person
बेथेल,Organization
बेथेल,Location
कँडिडा,Person
भारत,Location
काय पोलिस,Person
तमाशा,Event
भाजप,Person
भाजप,Organization
गुलाल,Person
ईशा अंबानी,Person
आनंद पिरामल,Person
यातील,Organization
लग्न,Event
त्यांच,Person
औषध,Product
विद्यार्थीनीं,Person
कलाविष्कार फेरी,Organization
फेरीमध्ये,Event
ते,Person
काँग्रेस,Organization
सातारा जिल्हा,Location
मात्र डेपो,Organization
झाला,Event
त्यां,Person
शाळेतील,Organization
तुम्ही,Person
जर,Person
याप्रकरणी,Person
भाजपाकडून,Person
काँग्रेस,Person
भाजपा,Organization
काँग्रेस,Organization
शेतकर्‍यां,Person
कोणी,Person
भर,Location
घर,Product
कठडा,Product
पोस्टमन,Person
पोस्टमन,Organization
वेळेसाठी,Event
त्यांनी,Person
मला,Person
न्यायालय,Organization
गुन्हегारी निषेध,Event
Satv Global Services Private Limited,Organization
जितेंद्र जोशी,Person
अनिकेत विश्वासराव,Person
 अक्षय टांकसाळे,Person
हेमंत ढोमे,Person
देव,Person
त्याच,Person
तार,Organization
या परिसरात,Organization
परिसरात,Location
याविषयी,Person
माजी उपमुख्यमंत्री,Person
राष्ट्रवादीचे नेते छगन भुजबळ,Person
शिवसेन,Organization
माणूस,Person
कुत्रा,Person
जehanabad,Location
भारत,Location
बिहार,Location
राज्य,Location
एका तरुण,Person
ताब्यात घेतले,Event
चौकशी सुरू,Event
त्यांच्या,Location
पीक,Location
दावीदा,Person
प्रमेश्वर,Person
मंदिर,Location
लढाया,Event
एक अभिनेत्री,Person
जिल्ह,Location
आंदोलन,Event
सरकार,Organization
आंतरराष्ट्रीय दूरसंचार संघ,Organization
आयटीयू,Organization
निवड,Event
शेतकऱयां,Organization
श्रीपाद श्रीवल्लभ,Person
गणेश चतुर्थी,Event
राहुल गांधी,Person
राहुल सावरकर,Person
काँग्रेस,Organization
तुम्ही,Person
कवडीमोल,Organization
पोलिस,Person
पोलिस,Organization
तपास,Event
आरआयएल,Organization
रिलायन्स जियो,Organization
अक्षय कुमार,Person
सिनेमात,Location
लूक,Product
मात्र,Person
समिती,Organization
मुलीन,Person
दिली,Location
.tar,Person
अयुष्मान खुरानाच्या,Organization
आर्टिकल 15,Event
त्यांच,Person
भाऊ,Person
अмит शहा,Person
भाजप,Organization
एक देश एक भाषा,Event
ते,Person
भारत,Organization
आफ्रिका,Organization
भारत,Location
तिसऱ्या भारत-आफ्रिका शिखर परिषद,Event
रणनीति,Organization
पलायनवाद,Event
रावळपिंडी,Person
जनरल आसिफ गफूर,Person
पत्रकार परिषद,Organization
रावळपिंडी,Location
मुद्दा,Person
पोलिस,Person
पोलिस,Organization
पोलंड,Location
वॉर्सा,Location
वादळी,Person
वार्‍यासह,Person
पाऊस,Event
त्याचे,Person
परूश्‍य,Person
खमिरा,Product
त्यां,Person
हृदयविकाराचा झटका,Event
शीला दीक्षит,Person
काँग्रेस,Organization
उत्तर प्रदेश,Location
पोलिस,Person
पोलिस,Organization
पूर्ववैमनस्यातून,Location
प्रकार घडला,Event
 सलमान,Person
अर्पिता खान,Person
आयुष शर्मा,Person
तिने,Person
चित्रपट,Event
लष्कर,Person
हे विमान कोसळल्याचा,Event
विमान,Product
नॅशनल हेल्थ कमिशन,Person
डब्ल्यूएचओ,Organization
नॅशनल हेल्थ कमिशन,Organization
स्थानिक आरोग्य अधिकार्य,Organization
वुहान,Location
पंतप्रधान नरेंद्र मोदी,Person
भावना ॲबे,Person
देवेंद्र फडणवीस,Person
सभागृह,Location
सर्व गोंधळ,Event
गुजरात,Location
मान्सून,Event
चक्रवाती वर्तुळ,Event
कोकण,Location
गोवा,Location
मध्य महाराष्ट्र,Location
मराठवाड्य,Location
पाऊस,Event
तिने,Person
यापैकी,Person
पंतप्रधान नरेंद्र मोदी,Person
सुरत जिल्ह्यातल्या हजिराला,Location
भेट,Event
पंतप्रधान,Person
लोकार्पण,Event
मुख्यमंत्री,Person
खोटे,Person
आंतरराष्ट्रीय क्रिकेट परिषदेच्या,Organization
कसोटी क्रमवारी,Event
मी,Person
सरकार,Organization
विजय वडेट्टीवार,Person
पृथ्वीराज चव्हाण,Person
अजित पवार,Person
जयंत पाटील,Person
छगन भुजबळ,Person
अबू आझमी,Person
जयंत पाटील,Person
राजू शेट्टी,Person
काँग्रेस,Organization
राष्ट्रवादी काँग्रेस,Organization
समाजवादी पक्ष,Organization
घरे,Location
अगोदरच,Person
भाजप,Organization
जॉन,Person
ऑस्ट्रेलिया,Location
नाना पाटेकर,Person
तनुश्री दत्ता,Person
नाम,Organization
मुंबई,Location
धोनी,Person
टीम इंडिया,Organization
कसोटी सामन्य,Event
शाह,Person
पाकिस्तान,Location
बांगलादेश,Location
अफगाणिस्तान,Location
बेलिझियन,Location
विकास,Event
असं उद्धव,Person
संग्राम थोपटे,Person
पुणे जिल्ह्यातील भोर विधानसभा,Location
निवडून आले,Event
हॉटेल,Organization
रॉक गार्डन,Location
लस उत्पादकांनी,Organization
जागतिक आरोग्य संघटन,Organization
जीएव्हीआй,Organization
पॅन अमेरिकन हेल्थ ऑर्गनायझेशन,Organization
पीएएचओ,Organization
भारत,Location
अमेरिक,Location
दक्षिण अमेरिक,Location
लस,Product
पंतप्रधान नरेंद्र मोदी,Person
वसंत पंचमी,Event
वेदना,Product
मूळ ग्रीक भाषेत,Product
त्यांच,Person
आत्महत्येचे,Event
पॅनकार्ड,Organization
आधार,Organization
आधार कार्डाशी,Product
उत्तर प्रदेशच्या जनता,Organization
उतर प्रदेश,Location
2014,Event
सरकार,Person
सरकार,Organization
आपल्या देश,Location
डाळ,Product
विद्यार्थ्यांना,Person
भारत,Organization
डेन्मार्क,Organization
भारत,Location
डेन्मार्क,Location
22 मे 2018,Event
शेशबस्सरा,Person
बाबे,Person
यरुशलेम,Location
बाबेल,Location
चांदी,Product
सोन्य,Product
केंद्र सरकार,Organization
पावस,Location
नद्या,Location
पातळी,Location
वाढ,Event
माधवप्रसाद घिमिरे,Person
काजी,Person
प्लूटो,Person
नायट्रोजन,Product
मिथेन,Product
कार्बन मोनॉक्साईड,Product
योहान,Person
स्तोत्र,Organization
स्वर्ग,Organization
मृत्युपट,Location
प्रेषित,Event
कुकीज,Product
करण जोहर,Person
करण जोहरच्या चित्रपट प्रोडक्शन कंपनी,Organization
पेटा,Person
दिल्ली उच्च न्यायालय,Organization
दिल्ली,Location
याचिका,Event
दोन नवीन संघ,Organization
जमशेदपूर,Location
बेंगळूर,Location
काय,Person
त्याला,Person
डीएसके,Organization
मृत्यु,Person
कबरेत,Location
मृत्यूनंतर,Event
पाकिस्तान,Location
BRÓ,Person
चारधाम प्रकल्पातील बीआरओ,Organization
शिवालिक,Location
शिवराज सिंह,Person
मी,Person
माझी खोली,Location
ड्रग कंट्रोलर जनरल ऑफ इंडिया,Person
डीसीजी,Organization
नवी दिल्ली,Location
कोरोना प्रतिबंधात्मक लसींना,Product
आपण,Person
त्याम,Person
सोशल मीडिया,Organization
ग्रामीण,Organization
2013-14,Event
2017-18,Event
रुपाली पाटील,Person
महाराष्ट्र नवनिर्माण सेना,Organization
महिला,Organization
पुणे,Location
महाराष्ट्र,Location
सातारा,Location
आमचा,Person
दहशतवादी संघटन,Organization
ते,Person
घर,Location
प्रियांका गांधी,Person
ती,Location
तेथून,Location
राष्ट्रपती रामनाथ कोविंद,Person
अंत्यविधी,Event
पहिल्या,Person
परमेश्वर,Organization
पालवी,Location
उत्सव,Event
झाड,Product
खजुरीच्या झावळ्या,Product
इराण,Organization
इस्रायल,Location
 इराण,Location
सिरिया,Location
हवाई हल्ला,Event
कोणी,Person
त्यामुळे,Person
चित्रपट,Organization
प्रदर्शन,Event
राज्य प्रचारक,Person
पृथ्वी,Location
इतर खेड्य,Location
स्थानिक विकास,Event
मनुष्य,Person
पत्रकार,Person
घडली आहे,Event
मात्र,Location
हा,Location
दावा,Event
दाभολकर,Person
सीबीआय,Organization
हत्त्याप्रकरणी,Event
मनमोहन सिंग,Person
सरकार,Organization
नोटबंदी,Event
त्यांना,Person
चौकशीनंतर,Location
आगी,Event
इथल्या,Person
साक्षIEDAR,Person
मंडळ,Organization
जवळपासच्या,Location
त्याच,Person
प्रवासी,Person
मधील,Location
प्रवास,Event
त्यांनी,Person
नरेंद्र मोदी,Person
विद्यापीठ,Organization
राज्य,Location
परीक्षा,Event
ऑस्ट्रेलिया,Location
हिंदुस्थान,Location
दणदणीत,Event
शाहरुख खान,Person
सिनेमा,Location
जे देवाला,Person
मी,Person
कोणाची,Person
आईवडील,Person
दोन्ही बाजुंनी,Location
अहरोनाचा मुलगा,Person
एलाजार,Person
इस्राएलाचा मुलगा,Person
लेवी,Person
रालोआला,Person
लोकसभा,Organization
लोकसभा निवडणूक निकाल 2019,Event
घर,Location
मी,Person
काही,Organization
सिक्कीम,Location
पहिले सेंद्रिय राज्य घोषित करण्याच्या कार्यक्रम,Event
करार,Event
आप,Organization
आमचा,Person
हुरूप,Event
मी,Person
इथे,Location
devil,Person
यांतील,Person
B12,Product
सरकार,Person
नीतिसूत्र,Person
บายबल,Location
अशी,Product
मी,Person
सिक्रेट सर्व्हिस,Organization
चित्रपट,Organization
प्रमोशन,Event
Goofi,Person
GNOME,Organization
xeyes,Product
हि प्रेरणा,Person
आम्ही,Organization
अँड्राईड,Person
अँड्राईड,Product
सरकार,Organization
संजूच्या,Person
बाबा,Person
प्रदर्शित,Event
तुम्हाला,Person
आम्ही,Person
निवडणूक आयोग,Organization
निवडणूक,Event
रणबीर कपूर,Person
कतरीना कैफ,Person
सीनाय पर्वत,Location
अरण्य,Location
इस्राएल,Location
संस्था,Organization
सचिन,Person
प्रदीप नाईक,Person
सरकार,Person
सरकार,Organization
त्यामुळे,Person
मला,Person
मी,Person
नाही,Organization
नाही,Organization
नाही,Location
नाही,Location
नाही,Event
नाही,Event
म्हणू,Event
शकत,Event
नाही,Product
नाही,Product
रिलायन्स डिफेन्स,Organization
रिलायन्स समुह,Organization
संरक्षण मंत्रालय,Organization
राफेल विमान,Product
तुम्हाला,Person
सर्वांला,Person
गरीबांच्या,Person
ज्या लोकांना,Person
राज्यातील,Location
थ्रँकरचालक,Person
मुक्ताईनगर,Location
गुन्हा दाखल,Event
या,Person
बाप,Person
बेटी,Person
नौकर,Person
बahun,Person
यहुदी,Person
सुजाता,Person
चित्रपट,Organization
रुग्णालय,Organization
घरी,Location
रुग्णालय,Location
सोडण्यात,Event
तपास,Person
पोलिस,Organization
आत्महत्या,Event
घातपात,Event
डिजिटल पेमेंट,Product
वस्तू,Product
अनिल देशमुख,Person
मुंबई,Location
महाराष्ट्र,Location
स्वदेशी जागरण मंचाने,Person
बीसीसीआय,Organization
दिल्ली,Location
त्याचे,Person
बॉलिवूड,Organization
भारत,Location
पाकिस्तान,Location
युद्धसदृश्य स्थिती,Event
मोशे,Person
अहरोन,Person
इस्राएल,Location
सीनायाच्या वाळवंट,Location
तुमच्या,Person
अग्निशमन दलाच्या जवानां,Person
अग्निशमन दल,Organization
घटनास्थळ,Location
राहुल गांधी,Person
भारतीय राष्ट्रीय कोंग्रेस,Organization
अमेठी,Location
मुल,Person
पाळणाघर,Organization
पोलीस,Person
पोलीस,Organization
सीसीटीव्ही,Location
मारहाणीची संपूर्ण घटना,Event
सीसीटीव्ही,Product
नेमका,Person
हा,Location
अभिनेत्री,Person
जेटली,Person
केंद्र सरकार,Organization
अमर राजूरकर,Person
मोहन हंबर्डे,Person
रुस,Location
फ्रान्स,Location
ब्रिटेन,Location
अमेरिका,Location
राज ठाकरे,Person
भाजप,Organization
महाराष्ट्र नवनिर्माण सेन,Organization
राष्ट्रवादी काँग्रेस,Organization
काँग्रेस,Organization
महाराष्ट्र,Location
लोकसभा,Location
निवडणुकी,Event
रस्त्यावर,Location
वाहतुक,Event
स्त्री,Person
पुरुष,Person
कंपनी,Organization
राज ठाकरे,Person
महात्मा गांधी,Person
नरेंद्र मोदी,Person
मनसे,Organization
मुंबई,Location
महात्मा गांधीजींच्या जयंती,Event
तर,Location
दुसऱ्या सामन्यात,Event
मला,Person
छत्तीसगड,Location
दिवाळी साजरी,Event
गाव,Location
मी,Person
लग्न,Event
त्यां,Person
आपल्या बँक,Organization
मोबाईल डिव्हाइस,Product
तिला,Person
जिल्हा रूग्णालय,Organization
जिल्हा,Location
भारत,Location
न्यूझीलंड,Location
ऑस्ट्रेलिया,Location
इंग्लंड,Location
सामना,Event
रामनाथ कोविंद,Person
बिहार,Location
राजगीर,Location
विश्वशांती स्तुपच्या सुवर्ण महोत्सवी समारंभ,Event
नवरात्र,Event
येडियुरप्पा,Person
यावेळी,Person
पत्रकार परिषद,Organization
पत्रकार परिषद,Event
जरी,Person
मला,Person
आम्ही,Person
या,Person
जगात,Location
त्यांच्या,Person
न्यायालय,Organization
कुठलाही,Location
निरीक्षण,Event
पोलिसांनी,Person
पोलिस,Organization
चौकशी करून,Event
ठiekाणी,Location
मांजरी,Person
आठवड्यात,Event
कपिल सिब्बल,Person
काँग्रेस,Organization
नागरिकत्व सुधारणा कायदा,Event
पेंग्विन,Person
उत्तर ध्रुवावर,Location
नितीन गडकरी,Person
कांचन गडकरी,Person
नेपाळ,Location
राजधानी,Location
दिल्ली,Location
सामूहिक अत्याचार,Event
विद्यार्थ्य,Person
शिक्षक,Organization
अॅरॉन फिंच,Person
डार्सी शार्ट,Person
शॉन मार्श,Person
मार्कस स्टॉईनिस,Person
उस्मान ख्वाजा,Person
अॅलेक्स केरी,Person
पीटर हँड्सकोंब,Person
अॅश्टन टर्नर,Person
अॅडम झम्पा,Person
जेसन बेहरेनडोर्फ,Person
झाय रिचर्डसन,Person
पॅट कमिन्स,Person
एंड्रयू टाय,Person
नाथन कोल्टर नाईल,Person
नाथन लायन,Person
तडीपारीच्या,Person
तडीपारी,Location
भंग,Event
पोटमॅक नदी,Location
समुद,Location
तापसी,Person
लवकरचा,Person
भूमी,Person
Jesus,Person
Bible,Organization
त्यांना,Person
जयहॉंगीर रुग्णालय,Organization
जयहॉंगीर रुग्णालय,Location
डॉक्टर,Person
कोण,Person
भारतीय,Organization
पण,Person
गृह मंत्रालय,Organization
केंद्र सरकार,Organization
भारत,Location
यापækी,Organization
शेतकर्‍यां,Person
देश,Location
लोकसभा निवडणुका,Event
भाजप,Organization
निवडणूक,Event
ही,Location
दोन्ही,Organization
चाचण्यांचे अहवाल,Event
व्हेरिवॅक्स,Organization
लस गरोदर,Product
एकाचा,Person
या अपघातात,Location
मृत्यू,Event
जखमी,Event
तिसरी,Organization
परिसरात,Location
कारवाई,Event
भाषण,Event
दही,Location
मटार,Product
भाविक,Person
प्रसादाचे,Organization
न्यायालय,Organization
न्यायालय,Location
लेखक,Person
कपिल शर्मा,Person
जयपूर,Location
त्याची,Person
पोलисांकडून,Organization
चौकशी,Event
पंतप्रधान मोदी,Person
गृहराज्यमंत्री,Person
अक्षय तृतीयेचा,Event
एस. एन. शुक्ला,Person
न्यायालय,Organization
नवी दिल्ली,Location
अलाहाबाद,Location
या,Person
हल्ल्यात,Location
दिवसअखेरीर्पयत,Event
खेळ,Product
गदारोळ,Person
ज्येष्ठ,Person
आनंद शर्मा,Person
पंतप्रधान नरेंद्र मोदी,Person
काँग्रेस,Organization
भाजपा,Organization
नवज्योत सिंह सिद्धू,Person
नवज्योत सिंह सिद्धू,Person
काँग्रेस,Organization
चंदिगड,Location
पंजाब,Location
आरोप,Event
आपले,Person
आप,Organization
रिओ,Location
पहिल्यांदा,Event
खेळाडूंचे पथक,Product
भारत,Location
ऑस्ट्रेलिया,Location
रवांडा,Location
कंबोडिया,Location
इराण,Location
इराक,Location
फिजी,Location
चीन,Location
 bahरीन,Location
पोलीस,Person
पोलीस,Organization
नोहाने,Person
यहोवा,Organization
भारतीय रेल्वे,Organization
हावडा,Location
मुंबई,Location
नागपूर,Location
कोलकाता,Location
ही भारतीय रेल्वेची नागपूर मार्गे मुंबई ते कोलकाता दरम्यान धावणारी जलद रेल्वेगाडी,Product
त्यामुळे,Location
नाव,Location
वादंग,Event
वीज उपकरणे,Product
मी,Person
युरोप,Location
स्थलांतरितांचे संकट,Event
रस्ते,Organization
रेल्वे,Organization
जागा,Product
कोण,Person
इरफान खान,Person
पाकिस्तान,Location
आपण,Person
तुम्हाला,Person
झाले,Event
निविदा,Event
ठिकाणीं,Location
सुनावण्या,Event
यमुनाबाई,Person
बाप,Person
सातार,Location
मृत्यु,Event
मुलचेरा,Location
गडचिरोली,Location
घडली,Event
पवित्र आत्मा,Person
सर्व प्रेषित,Person
पोलिस,Person
पोलिस,Organization
मिरवणूक,Location
दगडफेकी,Event
माझ्या,Person
नातेवाईकांचा,Person
अशोक गेहलोत,Person
भाजप,Organization
कॉंग्रेस,Organization
सरकार,Organization
शAILश सिंह,Person
भारत,Location
किझेन लियूल,Person
अर्शद नदीम,Person
चीन,Location
पाकिस्तान,Location
Empirical,Person
दिल्ली,Location
सरकार,Organization
पाहूया,Person
अॅप्स,Product
त्यां,Person
त्याने,Person
विद्यापीठ,Organization
माजी,Person
विश्व,Location
ट्रॅप शूटर,Product
दोघांच्या,Person
पोलिसांत,Organization
साकोली,Location
आलिया,Person
रणबीर,Person
ब्रह्मास्त्र,Product
त्यांनी,Organization
पंतप्रधान नरेंद्र मोदी,Person
काश्‍मीर,Location
पहिल्या संसद अधивेशन,Event
इलेक्ट्रॉनिक प्रोग्राम,Product
पहिल्या शतकातील,Person
यहुदी,Organization
पहिल्या शतकातील,Event
नितीश कुमार,Person
आसाम,Location
बिहार,Location
पोलिस,Person
पोलिस,Organization
त्यानंतर,Person
पोलिस,Person
पोलिस,Organization
कारवाई,Event
यहोवाने,Person
इस्राएल,Organization
इस्राएल,Location
युद्ध,Event
DRDO,Organization
क्षेपणास्त्र,Product
सॉफ्टवेअर,Organization
सोअर्समध्ये,Product
पंतप्रधान नरेंद्र मोदी,Person
कर्नाटक,Location
मंगळुरु,Location
दौऱ्याच्या पहिल्या टप्प्यात,Event
लहान व्यवसायिक,Person
आपण,Organization
एलपीजी सिलिंडर्स,Product
सीएनजी,Product
महिला,Person
विहिरी,Location
आत्महत्या,Event
डागमार वाल्टर,Person
आयएलओ इंडिया,Organization
इंडिया,Location
तब्बल,Person
SBI,Organization
दिवाळखोरीत,Event
अनिवासी भारतीय,Person
केंद्रीय गृह मंत्रालय,Organization
भारतीय दूतावास,Organization
भारत,Location
मडमा,Person
आता पंतप्रधान मोदी,Person
केदरानाथ,Person
जवळील,Location
गuhemध्ये,Location
एन्डायाप घटन,Event
प्यारेलाल वडाली,Person
वडाली ब्रदर्स,Organization
सूफी संगीत क्षेत्र,Location
निधन,Event
त्यांनी,Person
मेयर,Organization
एनएचडीपी,Organization
राष्ट्रीय महामार्ग,Location
हायब्र이드 अॅन्युइटी मोडवर,Product
दबंग खान,Person
सलमान,Person
मुंबई,Location
'किक',Event
दिल्ली,Location
शास्ते,Person
राजकीय,Person
पोलिसांचा,Organization
खून,Event
झाला,Event
अभ्यास,Person
नवे वर्ष,Event
त्याला,Person
भारत,Organization
विरोध,Event
डायमंड बुश कार्यालय,Organization
सूरत,Location
आंदोलन,Event
पदाधिकारी,Person
कार्यकर्ते,Person
महिला,Person
सर्वत्र,Location
नशीबवान,Person
घरात,Location
१२ जण,Person
७९ जण,Person
 झाल.,Event
अशोक चौधरी,Person
मदन मोहन झा,Person
अब्दुल जलील मस्तान,Person
अवदेशकुमार सिंग,Person
काँग्रेस,Organization
येशूच्या,Person
मалा,Person
तुम्ही,Person
पोलिस,Person
पोलिस,Organization
त्सुनामीच्या,Person
इंडोनेशिया,Location
त्सुनामीच्या तडाख्यात,Event
जम्मू,Location
काश्मीर,Location
पुरस्कृत दहशतवादी कारवायांचा,Event
गुरंढोर,Location
किंमती,Product
ट्यूबलेस टायर्स,Product
एलॉय व्हिल्स,Product
मुख्यमंत्री,Person
शिवसेना,Organization
होणार,Event
व्हॉट्सअ‍ॅप,Organization
जगात,Location
व्हॉट्सअ‍ॅप,Product
टर चक्क मुलानेच,Person
पोलिसांनी,Organization
क्वार्ट्‌झ,Organization
घड्याळे,Product
देव,Person
तुम्ही,Person
आरोपीची न्यायालय,Person
न्यायालय,Organization
पंतप्रधान,Person
नरेंद्र मोदी,Person
इंदिरा गांधी,Person
कार्यालय,Organization
नवी दिल्ली,Location
राजधानी,Location
इंदिरा गांधी इनडोअर स्टेडियम,Location
बुद्ध जयंती,Event
उद्या बुद्ध जयंती उत्सव,Event
त्याला,Person
पोलिसांनी,Organization
रुग्णालय,Location
विनोदी,Person
सीपीला,Person
पंतप्रधान मोदी,Person
कराच्या,Location
अंमलबजावणी,Event
प्रीति,Person
वातावरण,Person
टप्या,Person
त्याचे,Person
तेव्हाचे,Event
उत्तर भारत,Location
थंडीची लाट,Event
अध्यक्ष,Person
अधिकारप्राप्त गट,Organization
देश,Location
कोविड19,Event
लॉकडाऊन,Event
महामार्ग पोलिस,Organization
घटना,Event
तुमच,Person
खाण्यावर,Location
खंबीर,Person
तर,Person
आपण,Person
जग,Location
परीक्षेत,Event
क्रिकेट,Event
ते,Person
तब्बल,Person
साखळी,Location
बॉम्बस्फोट,Event
फ्लो,Person
बैठक,Location
नुकत्याच पार पडलेल्या,Event
लोकसभा,Person
वणगा,Organization
लोकसभा,Location
निवडणूक,Event
आप,Person
गुरु,Person
भूमी,Location
पोलिस,Person
पोलिस,Organization
छापा,Event
तुमच्या,Person
भारत,Location
मेघा कुलकर्णी,Person
चंद्रकांत पाटील,Person
भाजप,Organization
पुणे,Location
यासाठी,Person
सर्वांनी,Organization
प्रकाश जावडेकर,Person
सरकारन,Person
सोन,Product
बुद्धाबालंग,Person
सचिन अहिर,Person
राष्ट्रवादी,Organization
शिवसेना,Organization
फ्रान्स,Location
अमेरिका,Location
बोपण्ण,Person
विजय,Event
भारतीय,Person
कायदा,Organization
भारत,Location
बाळासाहेब थोरात,Person
पृथ्वीराज चव्हाण,Person
अशोक चव्हाण,Person
काँग्रेस,Organization
सरकार,Person
सरकार,Organization
मंदिर,Location
त्याला,Person
कोर्ट,Organization
कोर्टात हजर करण्यात आले,Event
दिवाळी,Event
व्हॉट्सऍप,Organization
व्हॉट्सऍप,Product
ते,Person
मुंबई मराठी ग्रंथसंग्रहालय,Organization
तसे,Person
झाल्याचे,Event
BSF Jawan's,Person
BSF,Organization
काश्मीर,Location
गोळीबार,Event
मेक्सिको,Location
१८३६,Event
१८४५,Event
श्रद्धे,Person
परिसर,Location
स्फोटा,Event
Esha Gupta,Person
सीबीएसई,Organization
नीट,Organization
यूजीसी,Organization
संजय शिंदे,Person
रणजितसिंह नाईक,Person
राष्ट्रवादी,Organization
भाजप,Organization
माढामध्ये,Location
राहुल गांधी,Person
फ्रान्स,Location
भारत,Location
लढाईत,Event
गौतम बुद्ध,Person
याबाबत थाळनेर पोलीस,Organization
याबाबत थाळनेर पोलीस ठाण्यात,Location
गुन्हा दाखल करण्यात आला,Event
प्रशासन,Person
कॉलेज,Organization
मुलांशी,Person
बाप्तिस्म्य,Person
समर्पण,Event
बाप्तिस्म्य,Event
देवेंद्र फडणवीस,Person
अभियानादरम्यान,Person
गीत आणि नाटक प्रभाग,Organization
महादेव,Person
गणेश,Person
उपराष्ट्रपती,Person
डॉ.,Person
भारत,Location
नवी दिल्ली,Location
आंतरराष्ट्रीय परिषद,Event
खनिज,Product
धातू,Product
रवि राजा,Person
बेस्ट समिती,Organization
मुंबई महानगरपालिका,Organization
मुंबई,Location
दीपक कपूर,Person
प्राधिकरण,Organization
शासन,Organization
कर्मचारी,Person
कामावर,Organization
हा,Person
मायलेशियन संप्रदाय,Organization
युवक,Person
देश,Organization
या निर्णयाला,Person
पुरोहित,Person
सर्वोच्च न्यायालय,Organization
याबाबत,Person
काँग्रेस,Organization
हलचाली सुरू केल्या आहेत,Event
तारीख,Event
नागरिक,Person
परिसर,Location
त्यावेळी,Person
गुजरात,Organization
गुजरात,Location
अनुराधा अग्रवाल,Person
स्टार इंडिया,Organization
इंडिया,Location
द नेक्स्ट फ्रंटियर: इंडियाज स्मार्ट सिटीज,Product
घर,Location
करण्यात,Event
"७८,०००",Person
७ जण,Person
बेट,Location
मृत्यूमुखी,Event
राजकीय वर्तुळ,Organization
चर्चा,Event
आपला,Person
त्यां,Person
बलवंत,Person
संपादक,Person
रत्नागिरी,Location
11,Event
कोथरुड,Person
पोलिस,Organization
कोथरुड पोलिस ठाणे,Location
पंतप्रधान नरेंद्र मोदी,Person
उद्धव ठाकरे,Person
नितीश कुमार,Person
रामविलास पासवान,Person
शिवसेना,Organization
लोक जनशक्ती पक्ष,Organization
न्यायालय,Organization
आयुक्त,Person
शिक्षण,Organization
यासंदर्भात,Location
Modi,Person
इंग्रजी वृत्तपत्र,Organization
मोदी,Person
सीबीआयने,Person
बिहार पोलिस,Organization
पोलिस अधिकारी,Person
पोलिस,Organization
रेल्वे,Organization
अपघात,Event
त्यांच्या,Person
सोनिया गांधी,Person
नरेंद्र मोदी,Person
काँग्रेस,Organization
आपले,Organization
स्थानिक उत्पादक,Product
आयात,Product
त्यां,Person
देश,Location
तुमची,Person
नहम्या,Person
दीपिका पादुकोण,Person
रणवीर सिंह,Person
शाहिद कपूर,Person
पद्मावत,Product
चित्रपट,Product
शरद पवार,Person
प्रफुल्ल पटेल,Person
अजित पवार,Person
छगन भुजबळ,Person
मधुकरराव पिचड,Person
आर. आर. पाटील,Person
सुनिल तटकरे,Person
भास्कर जाधव,Person
जितेंद्र आव्हाड,Person
कंवलसिंग चौहान,Person
प्रगतीशील शेतकरी संघटन,Organization
सेनीपत,Location
त्यांच्या,Person
भारत,Location
मृत्यू,Event
छायाचित्रकार,Person
राज्य,Location
पीडित व्यक्ती,Person
दलित समाज,Organization
त्यातील बहुतांशी घटनांत,Event
काँग्रेस,Organization
धक्का,Event
नितीन गडकरी,Person
केंद्र सरकार,Organization
एमएसएमई,Organization
मालवाहू ठिकाणें,Location
हंगाम,Event
सिंधू,Person
समीर,Person
ऑस्ट्रेलियन ओपन,Location
ऑस्ट्रेलियन ओपन,Event
शरद पवार,Person
प्रफुल्ल पटेल,Person
अजित पवार,Person
छगन भुजबळ,Person
मधुकरराव पिचड,Person
आर. आर. पाटील,Person
सुनिल तटकरे,Person
भास्कर जाधव,Person
जितेंद्र आव्हाड,Person
कंवलसिंग चौहान,Person
प्रगतीशील शेतकरी संघटना,Organization
सेनीपत,Location
त्यांच,Person
भारत,Location
मृत्यू,Event
छायाचित्रकार,Person
राज्य,Location
राष्ट्रीय,Location
शरद पवार,Person
प्रफुल्ल पटेल,Person
अजित पवार,Person
छगन भुजबळ,Person
मधुकरराव पिचड,Person
आर. आर. पाटील,Person
सुनил तटकरे,Person
भास्कर जाधव,Person
जितेंद्र आव्हाड,Person
कंवलसिंग चौहान,Person
प्रगतीशील शेतकरी संघटना,Organization
सेनीपत,Location
त्यांच,Person
भारत,Location
मृत्यू,Event
छायाचित्रकार,Person
राज्य,Person
राष्ट्रीय पातळी,Location
व्यक्ती,Person
दलित समाज,Organization
घटनांत,Event
काँग्रेस,Organization
नितीन गडकरी,Person
लघु आणि मध्यम उदयोग मंत्रालय,Organization
केंद्र सरकार,Organization
त्याचप्रमाणे,Location
रॅक्स,Location
मालवाहू ठिकाणांमध्ये,Location
सिंधू,Person
समीर,Person
ऑस्ट्रेलियन ओपन,Location
ऑस्ट्रेलियन ओपन,Event
मला,Person
माझ्या समुपदेशकांची,Person
पुन्हा एकदा नैराश्याचा सामना,Event
त्याच,Person
न्यायालय,Organization
पोलिस,Organization
मार्गाव,Location
विसर्जन मिरवणूक,Event
सर्व जण,Person
काम,Event
जामीन,Location
या,Person
इमारत,Location
हल्ल्यात,Event
खिडक्यांच्या काचा,Product
न्यूझीलंड,Organization
न्यूझीलंड,Location
सोशल मीडिया,Organization
शिक्षक,Person
शस्त्रक्रियाही,Event
डॉक्टर,Person
बुलडाणा जिल्ह्या,Location
खामगाव,Location
व्यक्ती,Person
मात्र,Person
डॉक्टरांनी,Person
तपासणी,Event
तर,Person
पोलीस,Organization
रेस्क्यू टीम,Organization
घटनास्थळी,Location
शहरात,Location
प्रादुर्भाव,Event
पवार,Person
पत्रकार परिषद,Organization
विधानभवन,Location
यहोवाचा,Person
यहोवा,Person
यहोवा,Person
नात्सी छळ,Event
याबरोबरच,Person
पोलिस,Organization
तात्काळ स्थानिक रुग्णालय,Location
एएनआय,Organization
भागात,Location
चकमक सुरू,Event
शैलजा मोरे,Person
भाजप,Organization
मोदी,Person
विराट कोहली,Person
टीम इंडिया,Organization
रॅंकिंग,Event
आले-लसणाची पेस्ट,Product
लहान चमचे,Product
कंपनी,Organization
गडहिंग्लज,Location
चंदगड,Location
एैनापूर,Location
पाणी आल्याने,Event
त्याच्या,Person
युद्ध,Event
सहकaranगर पोलीस,Organization
सहकaranगर,Location
देव,Person
राज,Person
राज्य,Location
द्रौपदी मुरमू,Person
जयंत सिन्हा,Person
रघुवर दास,Person
झारखंड,Location
देव,Person
ब्रायन लारा,Person
रिचर्डस्,Person
कोहली,Person
सैफखेरीज,Person
सोनाक्षी सिन्हा,Person
त्यांनी,Person
सार्वभौम,Organization
महमद नाशीद,Person
महमद नाशीद,Person
भारत,Location
मालदीव,Location
तीन जण,Person
जिल्हा,Location
मला,Person
विद्यार्थ्यांना,Organization
नियम,Organization
गाव,Location
मुंबई,Location
लंडन,Location
कार्यशाळा,Organization
व्याख्यान,Event
चंकी पांडे,Person
अनन्या पांडे,Person
तारा सुतारिया,Person
अंकिता,Person
राकीम,Person
애나 블린кова,Person
Потапова,Person
रशिया,Location
याचा,Person
देश,Location
कोकण,Location
गोव्यात,Location
मध्य महाराष्ट्रात,Location
मराठवाड्यात,Location
विदर्भात,Location
पाऊस,Event
सिरिल,Person
मेथोडियस,Person
रोम,Location
कोल्हापूर,Location
सांगली,Location
पुराने थैमान,Event
एडिसन,Person
टरबूज,Product
काकडी,Product
कलिंगड,Product
पहिले करिंथकर,Event
आहार,Product
देश,Location
लॉकडाऊन,Event
प्रादुर्भाव,Event
हा,Person
जण,Person
डॉक्टर,Person
औषधे,Product
भाजपा,Person
भाजपा,Organization
,Person
,Organization
,Location
भूकAMPLE,Event
भूकंप मापन यंत्र,Product
हा,Person
स्टुडिओ,Organization
बर्लिन,Location
तुम्हाला,Person
मी,Person
संजय राऊत,Person
शिवसेना,Organization
षक स्पर्धा,Event
त्याचा,Person
मृत्यु,Event
जाग,Location
स्टीव्ह स्मिथ,Person
विराट,Person
सरकार,Organization
सुनावणी,Event
त्यांच्याशी,Person
डिनरला,Person
डिनरला,Product
हाऊसफुल ४,Product
तिने,Person
चौकशी,Event
तेजपाल,Person
वास्को,Location
येथील,Location
साडा,Product
केरळ,Location
एवेंट,Event
तव्य,Product
तेल,Product
पावाच्या चुऱ्य,Product
तान्ह्या मुल,Person
भाकरी,Product
पाछा,Person
पोलिस,Organization
ईद,Event
आर्थिक मदतीचे वाटप,Event
आगामी काळात,Event
राजस्थान अधिनियम,Event
सचिन पायलट,Person
पराभव,Event
पोलाद केंद्रीय राज्यमंत्री,Person
भारत पोलाद,Person
विष्णूदेव साई,Person
पोलाद मंत्रालय,Organization
भारत पोलाद,Organization
भारत पोलाद परिषद,Organization
मुंबई,Location
भारत पोलाद 2019 परिषद,Event
प्रदर्शन,Event
हा,Person
शेतकऱ्यां,Organization
येथील,Location
उद्रेक,Event
अक्षय कुमार,Person
सेट,Event
ट्विटर,Product
सिनेमा,Product
ते,Person
वायूसेन,Organization
आकाश,Location
प्रदर्शन,Event
राफेल,Product
तेजस,Product
लाढाऊ विमान,Product
हेलिकॉप्टर,Product
आकाश मिसाईल प्रणाली,Product
अस्त्र मिसाईल,Product
प्रवेश,Location
Smartphone,Product
याकोब,Person
एसाव,Person
तेथे,Location
एल बेथेल,Location
सामाजिक क्रांती,Event
मी,Person
भाजप,Organization
आलिया,Person
रणबीर,Person
केळ मिल,Organization
चीन,Location
स्फोट,Event
केमिकल,Product
पोलीस,Person
यावर,Location
ती,Person
आपल्या मुलां,Person
येथून,Location
बांगलादेश मुक्ति आंदोलन,Event
तुझे वडील,Person
तू,Person
त्या,Person
शासन,Organization
कुणी,Person
बीसीसीआय,Organization
भारत,Location
राहुल गांधी,Person
घणाघात,Event
त्यांनी,Person
परमेश्वर,Person
केबलसह,Organization
माउस,Product
ते,Person
आपल्या,Organization
विजय वडेट्टीवार,Person
रीड,Person
शेवटची,Event
भारत,Organization
ऑस्ट्रेलिया,Organization
स्पर्धेत,Event
पंतप्रधान,Person
डॉक्टर,Person
लहाणपणा,Location
शरद पवार,Person
तसंच काँग्रेस,Organization
प्रत्येक,Person
राजकारण,Organization
या,Person
बोगद्याचे,Person
साली,Event
मी,Person
त्या क्षण,Location
पाच महिला,Person
एका पुरुष,Person
त्यान,Person
त्यांच्या,Person
वक्तव्य,Event
विरोधक,Person
भाजप,Organization
हवामान विभाग,Organization
ठिकाणी,Location
अतिवृष्टी,Event
रस्त्यावर,Location
निकाल,Person
सर्वसंमतीने,Organization
अयोध्या,Location
खटला,Event
दिल्ली,Location
यावेळी सुरक्षेचा आढावा,Event
भारतीय,Person
क्रिकेट,Organization
भारत,Location
ऐतिहासिक क्षण,Event
भगवान,Person
भाजपच,Organization
तसंच,Person
भाजप,Organization
?,Location
?,Event
अयुक्त,Person
イク्बालसिंग चहल,Person
महापालिका,Organization
मुंबई,Location
गुरबाजने,Person
अफगाण,Organization
मी,Person
रणवीर सिंग,Person
दीपिका पदुकोण,Person
तिने,Person
फिल्म अ‍ॅण्ड टेलिव्हिजन इन्स्टитуа ऑफ इंडिया,Organization
पुण्य,Location
आपण,Person
भारत,Location
ओळखपत्र,Product
नोंदणी कार्ड,Product
रास्तारोका,Location
--user,Person
त्यां,Person
पशू,Product
कोण,Person
म्हणत्या,Organization
मारुन टाका,Product
आई,Person
विश्व,Location
माझी बहीण,Person
ऑस्ट्रेलिया,Location
スコटランド,Location
इंग्लंड,Location
कामगिरी,Event
सरकार,Person
सरकार,Organization
तग्नरूण,Person
पोलिस,Organization
स्फोट,Event
पोलिसांना,Organization
युद्ध,Event
त्याने,Person
त्यांचे,Person
बोचऱ्या,Product
टॉमने,Person
मेरी,Person
टोमॅटो,Product
नातेवाईक,Person
निमगीरे,Person
पोलीस,Organization
रेल्वे,Organization
माझ्या देश,Location
रेल्वेच्या तिकिट,Product
पोलिस,Organization
लगेचच,Event
ashा,Person
बाबींशी,Person
उद्धव ठाकरे,Person
फडनवीस,Person
गडकरी,Person
कंगना,Person
आदित्य पांचोली,Person
तिच्या बहिणी,Person
मारहाण,Event
लैंगिक शोषण,Event
दीपक शिर्के,Person
जय,Person
आपल्या,Person
आयुष्य,Event
आयुष्याचे भाग,Event
हिमालय,Location
अँडीज,Location
हिंदुस्थान,Location
पाकिस्तान,Location
मी,Person
तुम्हाला,Person
काँग्रेस,Person
काँग्रेस,Organization
गांगुली,Person
फारशी मोठी नावे,Event
तर मग,Person
सैतान,Person
देव,Person
माधुरी दीक्षित,Person
करण जोहर,Person
नेटफ्लिक्स,Organization
ऐका,Person
भाजप,Organization
रामनाथ कोविंद,Person
संसद,Organization
अर्थसंकल्पीय अधिवेशन,Event
महाराज,Person
कुलस्वामिनी,Person
प्रतापगड,Location
आपण,Organization
विदर्भ,Location
मराठवाड्य,Location
बटाट्यात स्टार्च,Product
तिथे,Event
रिपेअर,Event
नागरिक,Person
परिसर,Location
भाजप,Organization
राज्य,Location
या बैठक,Event
महात्मा गांधी,Person
नीतिमत्ता,Person
बायबल,Organization
पेट्रोल,Person
डिझेच्या,Organization
वाढ सुरू झाली,Event
पेट्रोल,Product
पेट्रोल,Product
यहोवाच्या,Person
येशून,Person
चित्रपटाने,Organization
बॉक्स ऑफिस,Location
मी,Person
त्यां,Person
प्रियंका चतुर्वेदी,Person
काँग्रेस,Organization
शिवसेना,Organization
त्याला,Person
चित्रपट,Event
प्रशासन,Person
पोलीस,Organization
स्टेंट,Product
येथे,Location
पाणी,Product
६५९,Person
लोक सेवा आयोग,Organization
ताटीला,Location
आन,Location
हे,Person
घरात,Location
त्याल,Location
तज्ज्ञांनी,Person
सोन्याच्या किंमतीं,Product
रोहित शर्मा,Person
वनडे क्रिकेट,Event
बोअरवेल्स,Organization
अशा ठिकाणी,Location
काश्मीर,Location
शहीद,Event
मी,Person
उमेदवार,Person
निवडणूक,Organization
निवडणूक,Event
देव,Person
मोशे,Person
इस्राएली,Organization
देश,Location
शरद पवार,Person
एमसीएच,Organization
प्रत्येक,Person
BWF,Organization
ऑलिम्पिक,Location
बॅडमिंटपटू,Event
 आपल्या,Person
मार्गांनी,Location
तुम्ही,Person
आप,Person
भूतकाळ,Event
भविष्यात,Event
तरुण,Person
शिव प्रताप शुक्ला,Person
होता,Person
आप,Person
परिवार,Event
सचिन तेंडुलकर,Person
डेविड वॉर्नर,Person
ख्रिस गेल,Person
हाशिम आमला,Person
विराट कोहली,Person
सनथ जयसूर्या,Person
अजित डोवल,Person
भारत,Location
दंगल,Event
भीषण अपघात,Event
येशू,Person
मी,Person
का,Person
त्यांनি,Person
स्टॅच्यू ऑफ युनिटी,Organization
एकता नर्सरी,Organization
येथील,Location
स्थल,Location
सियोनच्या राजवा,Person
उंच भिंती,Location
लीटर,Product
एएफपी,Organization
वृत्तसंस्था,Organization
जपान,Location
菲律賓,Location
Salman,Person
Atul Agnihotri,Person
माकडीण,Person
इंद्रायणी महाविद्यालय,Organization
इंद्रायणी,Location
आमदार,Person
भाजप,Organization
यशया,Person
इस्राएली,Organization
राष्ट्र,Location
जन्म,Event
मुंबईतील एका खासगी रुग्णालयात,Organization
मुंबई,Location
हत्ती,Location
ही माझी भूमिका,Person
विशाल मिश्रा,Person
शिवपाल यादव,Person
फिरोजाबाद,Location
लोकसभा निवडणूक,Event
सिरिअल कंसोल रिमोट,Product
त्याने,Person
तिला,Person
तिनेही,Person
शाहिद,Person
मीरा राजपूत,Person
शाहिद,Person
जन्म,Event
प्रदेश,Location
नागालँड,Location
मिझोराम,Location
मणिपूर,Location
हिंदुस्थान,Location
म्यानमार,Location
ईशान्य,Location
अटल बिहारी वाजपेयी,Person
नायडू,Person
नायडू रुग्णालय,Organization
पुण्य,Location
अहाब,Person
यहोशафाट,Person
मनून,Person
आम्ही,Organization
स्वतः,Person
ठेवण्याच्या,Location
विद्यापीठ व्यवस्थापन परिषद,Organization
बैठक,Event
बकरा,Product
गोऱ्हा,Product
कΟΚरु,Product
शासन,Organization
त्या,Person
राहुल गांधी,Person
राजीनाम,Event
बँकांनी,Organization
सरकार,Organization
मी,Person
तुझा,Person
गोपीचंद पडळकर,Person
भाजप,Organization
बारामती मतदारसंघ,Location
वारी,Event
विराट कोहली,Person
मुंबई,Location
भारत,Location
पोलिसां,Person
अमेरिकन दूतावास,Organization
घटने,Event
आयुष शर्मा,Person
वरिना हुसैन,Person
लडाख,Location
today opened,Event
पर्यटक,Product
ट्रेकिंग मार्ग,Product
त्याला,Person
सायन रुग्णालय,Organization
सायन,Location
आरोपीला,Person
पोलिस,Organization
घटनेनंतर,Event
आता,Person
आम्ही,Organization
या संस्था,Organization
राजी,Person
मी,Person
सुपारीचे खांडही,Product
तिच्या,Person
मृत्यू,Event
Coronachy,Event
मनोहरलाल शर्मा,Person
चंद्रकांत पाटील,Person
मुद्द्यांवर झाले,Event
तेल कंपन्यां,Organization
एलपीजी सिलिंडर,Product
एलप็จी,Product
बँक,Organization
महाराष्ट्र,Location
परिस्थिती,Event
या संपाला,Person
डोंगरावर,Location
वाडगा,Location
मध्ये,Location
भारत,Location
बचत गटाचे सदस्य,Person
महिला,Person
पुरुष,Person
बचत गट,Organization
स्वतः,Person
जीएसटी,Person
सदस्य,Organization
त्याची,Person
महिन्याकाठी,Location
प्रणव मुखर्जी,Person
गुरुवारी पुरस्कार,Event
दारू,Product
भारतीय रेल्वे,Organization
राज्यात,Person
राज्यात,Location
तू,Person
माझे,Organization
मच्छीमार,Person
समुद्र,Location
सखी,Person
मामीने,Person
पंतप्रधान नरेंद्र मोदी,Person
नेपाळ,Location
भारत,Location
त्याने,Person
दोघे,Person
जिल्ह्यात,Location
अपघात,Event
धन्वी भानुशाली,Person
सचेत टंडन,Person
तनिष्क बाग्ची,Person
पण,Person
बेथेल,Organization
बेथेल,Location
कँडिडा,Person
भारत,Location
काय पोलिस,Person
तमाशा,Event
भाजप,Person
भाजप,Organization
गुलाल,Person
सभे,Product
ईशा अंबानी,Person
आनंद पिरामल,Person
लग्न,Event
त्यांच,Person
औषधोपचार,Product
विद्यार्थीनीं,Person
कलाविष्कार फेरी,Organization
मी,Person
ते,Person
काँग्रेस,Organization
सातारा जिल्हा,Location
मात्र,Organization
त्यां,Person
शाळा,Organization
जागतिक,Organization
भाजपा,Person
काँग्रेस,Person
भाजपा,Organization
काँग्रेस,Organization
तुम्हाला,Person
घर,Location
कठडा,Product
विमानांवरही,Event
तसंच,Product
पोस्टमन,Person
पोस्टमन,Organization
वेळेसाठी,Event
झाली,Event
त्यां,Person
मी,Person
न्यायालय,Person
न्यायालय,Organization
सत्व ग्लोबल सर्व्हिसेस प्रायव्हेट लिमिटेड,Organization
जितेंद्र जोशी,Person
अनिकेत विश्वासराव,Person
अक्षय टांकसाळे,Person
हेमंत ढोमे,Person
देव,Person
तर,Organization
परिसर,Location
शोधमोहीम,Event
याविषयी,Person
माजी उपमुख्यमंत्री,Person
राष्ट्रवादीचे नेते छगन भुजबळ,Person
שिवसेन,Organization
माणूस,Person
जहानाबाद,Location
भारत,Location
बिहार,Location
एका तरुण,Person
चौकशी,Event
पीक,Location
दावीदा,Person
परमेश्वर,Person
मंदिर,Location
लढाया,Event
एक अभिनेत्री,Person
चित्रपट,Event
जिल्ह्यात,Location
आंदोलन,Event
सरकार,Organization
आंतरराष्ट्रीय दूरसंचार संघ,Organization
आयटीयू,Organization
2019,Event
2022,Event
शेतकऱयांना,Person
श्रीपाद श्रीवल्लभ स्वामीं,Person
गणेश चतुर्थी,Event
यामुळे,Person
राहुल गांधी,Person
राहुल सावरकर,Person
काँग्रेस,Organization
तुम्ही,Person
काही,Person
कवडीमोल,Organization
पोलिस,Person
पोलिस,Organization
तपास,Event
आरआयएल,Organization
रिलायन्स जियोल,Organization
अक्षय कुमार,Person
निवड समिती,Organization
पीडित मुली,Person
तर आयुष्मान खुराना,Person
त्यांचा,Person
त्यांचा भाऊ,Person
अमित शहा,Person
भाजप,Organization
एक देश एक भाषा,Event
भारत,Organization
भारत,Location
तिसऱ्या भारत-आफ्रिका शिखर परिषद,Event
पलायनवाद,Event
रावळपिंडी,Person
पकिस्तानचे जनरल आसिफ गफूर,Person
पत्रकार परिषद,Organization
रावळपिंडी,Location
मात्र,Person
मतदार,Person
पोलिसांनी,Person
पोलिस,Organization
पोलंड,Location
वॉर्सा,Location
वादळी,Location
पाऊस,Event
परूश्‍य,Person
खमिर,Product
त्यां,Person
दिवसांपूर्वीच,Event
शीला दीक्षित,Person
काँग्रेस,Organization
उत्तर प्रदेश,Location
पोलिस,Person
पोलिसां,Organization
हा प्रकार,Event
ओम,Person
सलमान,Person
अर्पिता खान,Person
आयुष शर्मा,Person
तिने,Person
चित्रपट,Event
लष्कर,Person
कोसळल्याचा,Event
विमान,Product
वेसण,Event
डब्ल्यूएचओ तज्ञ,Person
नॅशनल हेल्थ कमिशन,Organization
डब्ल्यूएचओ,Organization
वुहान,Location
पंतप्रधान नरेंद्र मोदी,Person
भावना ॲबे,Person
भारत,Location
देवेंद्र फडणवीस,Person
सभागृह,Location
सर्व गोंधळ,Event
दक्षिण गुजरात,Location
किनारपट्टी,Location
मान्सून,Event
चक्रवाती,Event
महाराष्ट्र,Location
मराठवाड्य,Location
गोवा,Location
कोकण,Location
तिने,Person
पंतप्रधान नरेंद्र मोदी,Person
सुरत जिल्ह्यात,Location
हजिराला,Location
भेट,Event
पंतप्रधान,Person
लोकार्पण,Event
मुख्यमंत्री,Person
आंतरराष्ट्रीय क्रिकेट परिषद,Organization
कसोटी,Event
मी,Person
सरकार,Organization
विजय वडेट्टीवार,Person
पृथ्वीराज चव्हाण,Person
अजित पवार,Person
जयंत पाटील,Person
छगन भुजबळ,Person
अबू आझमी,Person
शेकापचे जयंत पाटील,Person
राजू शेट्टी,Person
काँग्रेस,Organization
राष्ट्रवादी काँग्रेस,Organization
समाजवादी पक्ष,Organization
लोकांची घरे,Location
भाजप,Organization
त्यांच,Person
वार,Event
जॉन,Person
ऑस्ट्रेलिया,Location
नाना पाटेकर,Person
तनush्री दत्ता,Person
नाम,Organization
मुंबई,Location
धोनी,Person
टीम इंडिया,Organization
कसोटी सामने,Event
शाह,Person
पाकिस्तान,Location
बांगलादेश,Location
अफगाणिस्तान,Location
आम्ही,Person
बेलिझियन गाव,Location
विकास,Event
झाडेझुडपे,Product
उद्धव,Person
संग्राम थोपटे,Person
पुणे जिल्ह्यातील,Location
निवड,Event
रॉक गार्डन,Location
भारतीय लस उत्पादकांनी,Organization
जागतिक आरोग्य संघटना,Organization
पॅन अमेरिकन हेल्थ ऑर्गनायझेशन,Organization
पीएएचओ,Organization
амericetील,Location
लस,Product
पंतप्रधान नरेंद्र मोदी,Person
वसंत पंचमी,Event
कौशल्याची,Product
सावधानताही,Product
मूळ ग्रीक,Person
ग्रEEK,Location
त्यांच,Person
ात्महत्यェ,Event
पॅनकार्ड,Organization
आधार,Organization
आधार कार्ड,Product
उत्तर प्रदेशच्या जनते,Organization
उत्तर प्रदेश,Location
2014,Event
सरकार,Person
आपल्या देशात,Location
डाळीचे उत्पादन,Product
विद्यार्थ्यांना,Person
भारत,Organization
डेन्मार्क,Organization
भारत,Location
डेन्मार्क,Location
22 मे 2018,Event
चांदी,Person
शेशबस्सर,Person
बाबेल,Location
यरुशलेम,Location
सोन्य,Product
सुरुवात,Event
सूचना,Organization
केंद्र सरकार,Event
पावस,Person
नद्या,Location
वाढ,Event
माधवप्रसाद घिमिरे,Person
काजी,Person
नेपाली,Location
नेपाली हामी,Product
प्लूटो,Person
प्लूटो,Product
नायट्रोजन,Product
मिथेन,Product
कार्बन मोनॉक्साईड,Product
योहान,Person
ख्रिश्‍चन,Organization
स्वर्ग,Location
दृष्टान्त,Location
ट्रॅकिंग कुकीज,Product
करण जोहर,Person
चित्रपट प्रोडक्शन कंपनी,Organization
पेटाच्या,Person
दिल्ली उच्च न्यायालय,Organization
दिल्ली,Location
जमशेदपूर,Location
बेंगळूर,Location
काय,Person
मी,Person
येथे,Location
तणावपूर्ण स्थिती,Event
त्याला,Person
डीएसके,Organization
मृत्युन,Person
मानव कबर,Location
मृत्युनंतर,Event
मात्र,Person
पाकिस्ताना,Organization
पाकिस्तान,Location
बीआरओ,Person
या बोगद्याचे काम टीम शिवालिक,Person
चारधाम प्रकल्प,Organization
शिवराज सिंह,Person
शहर,Location
मी,Person
माझी खोली,Location
आपल्या,Person
या ग्रामीण गृहनिर्माण योजना,Organization
2013-14,Event
2017-18,Event
घरे,Product
रुपाली पाटील,Person
महाराष्ट्र नवनिर्माण सेना,Organization
मनसे,Organization
पुणे,Location
सातारा,Location
महाराष्ट्र,Location
संघटनां,Organization
ते,Person
चांगल्या घर,Location
प्रियांका गांधी,Person
त्यानंतर,Location
ती,Location
तेथून,Location
रामनाथ कोविंद,Person
परमेश्वर,Person
ओहळ,Location
उत्सव,Event
झाडांची चांगली फळ,Product
खजुरीच्या झावळ्या,Product
पालवीच्या झाडांच्या डहाळ्या,Product
वाळूंज,Product
इराण,Organization
इस्रायल,Organization
सिरीया,Location
इराण,Location
इस्रायल,Location
हवाई हल्ले,Event
जो,Person
हिंदुस्तान,Location
प्रयत्न,Event
प्रदर्शन,Event
चित्रपट,Product
राज्य प्रचारक,Person
पृथ्वी,Location
दहा वर्ष,Event
खेड,Location
समाने,Event
स्थानिक विकासाचा नमूना,Product
मनुष्याचा पुत्र,Person
जग,Location
त्यावेळ,Event
तेव्हा,Event
येण्याचे,Event
आकाशात दिसेल,Event
याशिवाय,Person
पत्रकार,Person
घडली,Event
दाभोलकर,Person
सीबीआय,Organization
हत्त्याप्रकरणी,Event
मनमोहन सिंग,Person
सरकार,Organization
नोटबंदी,Event
त्यान,Person
इथल्या माणसासारखाच,Person
साक्षीदार,Person
मंडळ,Organization
जवळपास,Location
त्याची,Person
हिंदू पक्षकार,Organization
सुनावणी,Event
त्याच्या,Person
मधील,Location
प्रवासी,Event
त्यांनी,Person
चाहत्याचा,Event
व्हिडिओ,Product
स्क्वाड्रन,Organization
विमान,Product
जागतिक नौदल विश्लेषकांच्या,Person
जागतिक नौदल,Organization
पाणबुड्या,Product
जहाजं,Product
नरेंद्र मोदी,Person
राज्यातील,Organization
विद्यापीठ,Organization
राज्यातील,Location
परीक्षा,Event
ऑस्ट्रेलियाचा,Location
हिंदुस्थान,Location
विजय,Event
मालिका,Event
शाहरुख खान,Person
फॅन सिनेमात,Organization
जे देवाला,Person
त्याच्या,Person
मी,Person
कोणाची,Person
प्रश्न,Event
आई,Person
वडील,Person
अहरोन,Person
एलाजार,Person
इस्राएल,Person
लेवी,Person
रालोआला,Person
लोकसभा,Organization
लोकसभा निवडणूक निकाल 2019,Event
घर,Location
मी,Person
सिक्कीम,Organization
सिक्कीम,Location
सेंद्रिय राज्य घोषित करण्याच्या कार्यक्रम,Event
मी,Person
आपण,Person
ऐर्लंड,Location
विश्वचषक,Event
त्याने,Person
यांतील,Organization
ब-12,Product
शेतकऱ्य,Person
त्यां,Person
सरकार,Organization
नीतिसूत्रे,Person
बायबल,Organization
अशी,Person
मी,Person
सिक्रेट सर्व्हिस,Organization
तयारीही,Organization
चित्रपटाच्या प्रमोशन,Event
GNOME,Person
GooFie,Person
GNOME,Organization
xeyes,Product
देश,Location
अन्न,Product
उदाहरण,Organization
Android,Organization
Android,Product
हा,Person
सरकार,Organization
संजूच्या,Person
मराठी,Organization
प्रदर्शित,Event
टीझर,Product
त्यामुळे,Event
मात्र,Person
निवडणूक आयोग,Organization
निवडणूक,Event
रणबीर कपूर,Person
कतरीना कैफ,Person
इस्राएली,Person
सीनाय पर्वताच्या दिशेने,Location
अरण्यात,Location
रफीदीम,Location
संस्था,Organization
प्रकाशित,Event
सचिन,Person
प्रदीप नाईक,Person
सरकार,Organization
मी,Person
रिलायन्स,Organization
रिलायन्स डिफेन्स,Organization
रिलायन्स समुह,Organization
राफेल विमान,Product
राज्य,Location
ट्रँकरचालक,Person
मुक्ताईनगर,Location
या,Person
जोडीने,Person
बाप-बेटी,Person
परिणिता,Person
नौकर,Person
बिराज-बहु,Person
यहुदी,Person
सुजाता,Person
यानंतर,Person
रुग्णालय,Organization
घरी,Location
पोलिस,Person
पेमेंट,Product
अनिल देशमुख,Person
मुंबई,Location
महाराष्ट्र,Location
कुठे,Location
स्वदेशी जागरण मंचाने,Person
बीसीसीआय,Organization
दिल्ली,Location
त्याचे,Person
बॉलिवूड,Organization
पीक विम्य,Product
याबाबत,Organization
भारत,Location
पाकिस्तान,Location
युद्धसदृश्य स्थिती,Event
मोशे,Person
अहरोन,Person
इस्राएल,Location
सीनायाच्या वाळवंट,Location
मेंदूला,Organization
 अग्निशमन दलाच्या जवानांनी,Person
अग्निशमन दल,Organization
घटनास्थळी,Location
घटना,Event
राहुल गांधी,Person
कॉंग्रेस,Organization
अमेठी,Location
पाळणाघर,Location
पोलीस,Person
पोलीस,Organization
असून,Location
मारहाणीची संपूर्ण घटना,Event
नेमका काय,Event
अभिनेत्री,Person
जेटली,Person
केंद्र सरकार,Organization
अमर राजूरकर,Person
मोहन हंबर्डे,Person
रुस,Location
फ्रान्स,Location
ब्रिटेन,Location
अमेरिका,Location
राज ठाकरे,Person
भाजप,Organization
महाराष्ट्र नवनिर्माण सेन,Organization
राष्ट्रवादी काँग्रेस,Organization
महाराष्ट्र,Location
लोकसभा,Location
निवडणुकी,Event
रस्त्यावर,Location
वाहतुक पूर्ण बंद झाली,Event
स्त्री,Person
पुरुष,Person
कंपनी,Organization
महात्मा गांधी,Person
राज ठाकरे,Person
नरेंद्र मोदी,Person
मनसे,Organization
मुंबई,Location
जयंती,Event
छत्तीसगड,Location
दिवाळी,Event
गाव,Location
मी,Person
लग्न,Event
त्यां,Person
आपला,Person
बँक,Organization
मोबाईल डिव्हाईज,Product
तिला,Person
तातडीने,Person
जिल्हा रूग्णालय,Organization
जिल्हा,Location
भारत,Location
न्यूझीलंड,Location
ऑस्ट्रेलिया,Location
इंग्लंड,Location
सामना,Event
पहिला उपान्त्य,Event
दुसरा सामना,Event
राष्ट्रपती रामनाथ कोविंद,Person
बिहार,Location
राजगीर,Location
सुवर्ण महोत्सवी समारंभ,Event
नवरात्र,Event
येडियुरप्पा,Person
यावेळी,Person
पत्रकार परिषद,Organization
पत्रकार परिषद,Event
मला,Person
जगात,Location
त्यांच,Person
न्यायालय,Organization
पोलिसांनी,Person
पोलिस,Organization
चौकशी,Event
ठीकाणी,Location
गेल्या,Person
आमच्याकडे,Location
बाळंतीण,Event
कपिल सिब्बल,Person
काँग्रेस,Organization
नागरिकत्व सुधारणा कायदा,Event
उत्तर ध्रुवावर,Location
केंद्रीय मंत्री नितीन गडकरी,Person
कांचन गडकरी,Person
नेपाळ,Location
दिल्ली,Location
सामूहिक अत्याचार,Event
विद्यार्थ्य,Person
शिक्षक,Organization
अॅरॉन फिंच,Person
डार्सी शार्ट,Person
शॉन मार्श,Person
मार्कस स्टॉईनिस,Person
उष्मान ख्वाजा,Person
अॅलेक्स केरी,Person
पीटर हँड्सकोंब,Person
अॅश्टन टर्नर,Person
अॅडम झम्पा,Person
जेसन बेहरेनडोर्फ,Person
झाय रिचर्डसन,Person
पॅट कमिन्स,Person
एंड्रयू टाय,Person
नाथन कोल्टर नाईल,Person
नाथन लायन,Person
पोटमॅक नदी,Location
समुद्र,Location
इथेच,Person
सुरुवात,Event
तापसी लवकरचा,Person
भूमी पेंडणेकर,Person
बायकांना,Person
देश,Location
बायबल,Organization
त्यांना,Person
जहॉंगीर रुग्णालय,Organization
जहॉंगीर रुग्णालय,Location
डॉक्टर,Person
कोणाचे,Person
मी,Person
भारतीय,Organization
भारत,Location
रोमांचक प्रवास,Event
गृह मंत्रालय,Organization
केंद्र सरकार,Organization
भारत,Location
यापैकी,Location
शेतकर्या,Person
लोकसभा,Organization
देश,Location
निवडणुक,Event
ते,Person
भाजप,Organization
निवडणूक,Event
दोन्ही,Person
अहवाल,Event
व्हेरिवॅक्स,Organization
लस गरोदर,Product
एकाचा,Person
या अपघातात,Location
मृत्यू,Event
परिसरात,Location
कारवाई,Event
त्याने,Person
भाषण,Location
तपासणी,Event
दही,Location
मटार,Product
भाविक,Person
प्रसादाचे,Organization
न्यायालय,Organization
घडलं,Event
लेखक,Person
कपिल श्रーマ,Person
जयपूर,Location
पोलिस,Organization
चौकशी,Event
पंतप्रधान मोदी,Person
न.,Person
गृहराज्यमंत्री,Organization
अक्षय तृतीया,Event
एस. एन. शुक्ला,Person
उच्च न्यायालय,Organization
नवी दिल्ली,Location
अलाहाबाद,Location
दरम्यान,Event
जण,Person
हल्ल्यात,Location
गदारोळ,Person
ज्येष्ठ,Person
आनंद शर्मा,Person
पंतप्रधान नरेंद्र मोदी,Person
भाजपा,Organization
नवज्योत सिंह सिद्धू,Person
नवज्योत सिंह सिद्धू,Person
काँग्रेस,Organization
चंदिगड,Location
पंजाब,Location
रिओ,Location
याचा,Person
पोलीस,Person
पोलीस,Organization
नोहाने,Person
यहोवा,Person
भारतीय रेल्वे,Organization
हावडा,Location
मुंबई,Location
नागपूर,Location
कोलकाता,Location
हावडा मुंबई मेल,Product
वादंग,Event
घर,Location
वीज उपकरण,Product
मी,Person
तुम्हा,Person
युरोप,Location
स्थलांतरितांचे संकट,Event
रस्ते,Organization
रेल्वे,Organization
कोण,Person
इरफान खान,Person
पाकिस्तान,Location
झाले,Event
निविदा,Event
ठिकाणीं,Location
सुनावण्या,Event
यमुनाबाई,Person
बाप,Person
सातार्,Location
मुलचेरा,Location
गडचिरολी,Location
प्रेषित,Person
पोलिस,Person
पोलिस,Organization
मिरवणूक,Location
दगडफेकी,Event
एकमेक,Person
माझ्या,Person
नातेवाईक,Person
ग०३ १२ / २२,Event
अशोक गेहलोत,Person
भाजप,Organization
कॉंग्रेस,Organization
शैलश सिंह,Person
भारत,Location
किझेन लियूल,Person
अर्शद नदीम,Person
चीन,Location
पाकिस्तान,Location
Empirical,Event
दिल्ली,Location
सेट,Event
पण,Product
सरकार,Organization
पाहूया,Product
त्यां,Person
त्या,Person
विद्यापीठ,Organization
माजी,Person
विश्व,Organization
भारत,Location
ट्रॅप शूटर,Product
दोघांच्याही,Person
साकोली पोलिसांत,Organization
साकोली,Location
आलिया,Person
रणबीर,Person
ब्रह्मास्त्र,Event
चित्रपट,Product
पंतप्रधान नरेंद्र मोदी,Person
काश्मीर,Location
पहिल्या संसद अधिवेशन,Event
यहुदी,Person
पहिल्या शतकातील,Event
नितीश कुमार,Person
बिहार सरकार,Organization
आसाम,Location
बिहार,Location
पोलिसां,Person
पोलिस,Organization
त्यानंतर,Person
पोलिस,Person
पोलिस,Organization
यहोवा,Person
इस्राएल,Organization
इस्राएल,Location
युद्ध,Event
DRDO,Organization
क्षेपणास्त्र,Product
Software,Organization
Software,Product
पंतप्रधान नरेंद्र मोदी,Person
कर्नाटक,Location
मंगळुरु,Location
दौऱ्याच्या पहिल्या टप्प्यात,Event
लहान व्यवसायिक,Organization
तर दोघांचा,Person
उपचारादरम्यान,Event
एलपीजी सिलिंडर्स,Product
सीएनजी,Product
महिला,Person
विहिरी,Location
आत्महत्या,Event
डागमार वाल्टर,Person
आयएलओ,Organization
इंडिया,Location
जागतिक बाल मजुरी समस्येबाबत,Event
तب्बल,Person
SBI,Organization
दिवाळ,Event
अनिवासी भारतीय,Person
केंद्रीय गृह मंत्रालय,Organization
भारत,Location
या मडमा,Person
आता पंतप्रधान मोदी,Person
केदरानाथ,Person
 घटनेची,Event
प्यारेलाल वडाली,Person
सूफी संगीत क्षेत्र,Organization
वडाली,Location
निधन,Event
त्यांनी,Person
मेयर,Person
राष्ट्रीय महामार्ग विकास प्रकल्प,Organization
हे काम,Location
टप्पा,Event
हायब्रीड अॅन्युइटी मोडवर,Product
Salman Khan,Person
मुंबई,Location
किक,Event
ल,Location
राजसत्ते,Organization
दिल्ली,Location
लोक स्वसंतोषाने,Person
शास्ते,Person
राजकीय,Person
पोलिस,Person
पोलिस,Organization
खून झाला,Event
अभ्यास,Person
नवे वर्ष,Event
भारत,Organization
विरोध,Event
डायमंड बुश कार्यालय,Organization
सूरत,Location
आंदोलन,Event
पदाधिकारी,Person
कार्यकर्ते,Person
महिला,Person
सर्वत्र,Location
नशीबवान,Person
घरात,Location
७९,Person
अशोक चौधरी,Person
मदन मोहन झा,Person
अब्दुल जलील मस्तान,Person
अवदेशकुमार सिंग,Person
काँग्रेस,Organization
येशуча,Person
जेवलो,Event
पोलис,Person
इंडोनेशिया,Location
त्सुनामी,Event
जम्मू,Location
काश्मीर,Location
गुरंढोर,Person
लूट,Event
पाहायला,Person
डॉ.,Organization
ट्यूबलेस टायर्स,Product
एलॉय व्हिल्स,Product
मुख्यमंत्री,Person
शिवसेना,Organization
होणार,Event
WhatsApp,Organization
WhatsApp,Product
तर चक्क मुलानेच,Person
पोलिस,Organization
क्वार्ट्‌झ,Organization
घड्याळे,Product
देव,Person
आरोपी,Person
न्यायालय,Organization
न्यायालय,Location
सुटका,Event
पंतप्रधान,Person
पंतप्रधानांच,Person
नरेंद्र मोदी,Person
इंदिरा गांधी,Person
नवी दिल्ली,Location
राजधानी,Location
इंदिरा गांधी इनडोअर स्टेडियम,Location
बुद्ध जयंती,Event
बुद्ध जयंतीच्या,Event
त्यानंतर,Person
पोलिसांनी,Organization
रुग्णालयात,Location
विनोदी,Person
सीपीला,Person
पंतप्रधान मोदी,Person
कराच्या,Location
अंमलबजावणी,Event
प्रीति,Person
टप्प्या टप्याचे,Event
टप्प्या टप्याचे,Product
त्याचे,Person
उत्तर भारत,Location
थंडीची लाट,Event
अध्यक्ष,Organization
अधिकारप्राप्त गट 1,Organization
कोविड19 च्या रुग्णवाढीने,Event
Police,Organization
खंबीर,Person
आपण,Person
जग,Location
सातत्याने,Person
क्रिकेट,Event
ते,Person
बॉम्बस्फोट,Event
फ्लो,Organization
बैठक,Event
लोकसभा,Person
वणगा,Person
लोकसभा,Organization
निवडणूक,Event
आप,Person
भूमी,Location
पोलис,Person
पोलिस,Organization
कारवाई,Event
तुमच्या,Person
भारत,Location
मेघा कुलकर्णी,Person
चंद्रकांत पाटील,Person
भाजप,Organization
पुण्याच्या कोथरुड विधानसभा,Location
सर्वांनी,Location
पुढे येऊन,Event
प्रकाश जावडेकर,Person
सरकार,Organization
सोन,Product
 इतर मौल्यवान धातू,Product
बुद्धाबालंग,Location
सुबर्नरेखा,Location
मंडळाच्या कार्यकारी समितीचे सदस्य,Person
मंडळ,Organization
सभा,Event
सचिन अहिर,Person
राष्ट्रवाद,Organization
शिवसेना,Organization
फ्रान्स,Location
अमेरिका,Location
बोपण्ण,Person
विजय,Event
भारतीय नागरिकत्व,Person
भारत,Location
बाळासाहेब थोरात,Person
पृथ्वीराज चव्हाण,Person
अशोक चव्हाण,Person
काँग्रेस,Organization
सरकार,Organization
आम्ही,Person
हजर,Person
कोर्ट,Organization
दिवाळी,Event
What's App,Organization
What's App,Product
बीएसएफ,Organization
काश्मीर,Location
गोळीबार,Event
मेक्सिको,Location
१८३६,Event
१८४५,Event
श्रद्ध,Person
परिसर,Location
स्फोटा आवाज,Event
Esha Gupta,Person
सीबीएसई,Organization
नीट,Organization
यूजीसी,Organization
संजय शिंदे,Person
रणजितसिंह नाईक,Person
निंबाळकर,Person
राष्ट्रवादी,Organization
भाजप,Organization
राहुल गांधी,Person
फ्रान्स,Location
भारत,Location
दहशतवादाविरोधी लढाई,Event
गौतम बुद्ध,Person
याबाबत,Person
पोलीस ठाण्यात,Organization
याबाबत,Location
थाळनेर,Location
गुन्हा दाखल,Event
तर,Location
प्रशासन,Person
याप्रकरणी कॉलेज,Organization
मुलांशी,Person
बाप्तिस्म्य,Person
समर्पण,Event
बाप्तिस्म्य,Event
देवेंद्र फडणवीस,Person
या,Person
अभियानादरम्यान,Person
गीत,Person
नाटक,Person
आणि नाटक प्रभाग,Event
नीट,Organization
इतिहास,Event
महादेव,Person
गणेश,Person
सर्किटच,Event
उपराष्ट्रपती,Person
डॉ.,Person
भारत,Location
ते,Person
आंतरराष्ट्रीय परिषद,Organization
नवी दिल्ली,Location
खनिज आणि धातू यावरील आंतरराष्ट्रीय परिषद,Event
रवि राजा,Person
बेस्ट समिती,Organization
मुंबई महानगरपालिका,Location
दीपक कपूर,Person
प्राधिकरण,Organization
शासन,Organization
कर्मचारी,Person
कामावर,Organization
मायलेशियन संप्रदाय,Organization
युवक,Person
देश,Organization
या,Person
निर्णयाला पुरोहित,Organization
सर्वोच्च न्यायालय,Organization
याबाबत,Person
काँग्रेस,Organization
हलचाली,Event
तारीख,Event
परिसर,Location
त्यावेळी ते,Person
गुजरात,Organization
गुजरात,Location
अनुराधा अग्रवाल,Person
स्टार इंडिया,Organization
घर,Location
एकजण,Person
ज्या बेट,Location
मृत्यूमुखी पडले,Event
राजकीय वर्तुळ,Organization
चर्चा,Event
त्यां,Person
जामीन,Organization
संपादक,Person
बलवंत,Person
रत्नागिरी,Location
११,Event
कोथरुड,Person
कोथरुड पोलिस,Organization
कोथरुड,Location
पंतप्रधान नरेंद्र मोदी,Person
उद्धव ठाकरे,Person
नितीश कुमार,Person
रामविलास पासवान,Person
शिवसेना,Organization
लोक जनशक्ती पक्ष,Organization
न्यायालय,Organization
मोदी,Person
इंग्रजी वृत्तपत्र,Organization
मोदी,Person
भारत,Location
सीबीआयने,Person
बिहार पोलिस,Organization
बिहार,Location
पोलिस अधिकारी,Person
पोलिस,Organization
रेल्वे,Organization
अपघात,Event
त्या,Person
सोनिया गाँधी,Person
नरेंद्र मोदी,Person
काँग्रेस,Organization
आपले,Organization
उत्पादक,Product
आयात,Product
त्यां,Person
देश,Location
अजूनही,Person
नहेम्या,Person
स्वयंसेवक कुटुंब,Organization
४: १०,Event
दीपिका पादुकोण,Person
रणवीर सिंह,Person
शाहिद कपूर,Person
लाभार्थ्य,Person
सरकार,Organization
पीपीपी मॉडेल्स,Organization
घर,Location
केंद्रीय अर्थसहाय्य,Event
यहोवा,Person
त्यात,Person
नवी मुंबईतील,Person
नवी मुंबई,Location
ΑΙरोली,Location
भीषण आग,Event
नोहा,Person
पृथ्वी,Location
त्यां,Person
घटस्फोट,Event
त्याचा,Person
सर्व युवकांना,Organization
ह्या करारामुळे,Person
दोन्ही देश,Location
ठिकाणी,Location
अरविंद केजरीवाल,Person
दिल्ली,Location
लपण्याची जागा,Location
शेतकर्य,Person
तालुक्य,Location
पाऊस,Event
ढगाळ हवामान,Event
ट्विटर,Organization
जग,Person
रोहित शर्मा,Person
त्याच्याजागी,Location
या,Person
कुटुंबातील मंडळी,Organization
दिलीप,Person
वळसे-पाटलां,Organization
पंतप्रधान,Person
कवी,Person
शास्त्रज्ञ,Person
पोलिसांनी,Person
पोलिस,Organization
तपासाला सुरुवात केली,Event
भारत,Location
उजबेकिस्तान,Location
स्वाक्षरी,Event
यहोवाने,Person
आमोस,Person
इस्राएल,Organization
इस्राएलचा अंत,Event
फळांची पाटी,Product
रशियात,Location
तेथे,Location
अनुरागनं,Person
बाबत,Person
पोलिसांत,Organization
या,Person
सामन्यातील,Organization
तिन्ही,Location
भौगोलिक स्थान,Location
मानांकन,Product
रुग्णालय,Organization
ग्रीस,Location
अंक,Product
मतदान एजंट,Person
मतदानानंतर,Event
ईव्ह्हीएम,Product
दिल्ली,Location
या ठिकाणी,Location
तणाव,Event
पोलीस,Person
दाखल,Event
महिला,Person
Apple,Organization
iPhone,Product
यहुक,Organization
इंडोनेशिया,Location
Asian Games 2018,Event
मोरे,Person
मृत्यू,Event
जनता,Person
मुल,Person
शाळा,Organization
अधिकाऱ्यां,Organization
दुर्घटनेत,Event
तू,Person
मोशे,Person
मिसर,Location
शेवटी,Person
मियोने,Person
स्टोरेज,Organization
वापर,Product
नाही,Person
नाही,Organization
नाही,Location
नाही,Event
ट्रक्स,Product
मोटारी,Product
गाढव,Product
घडल्यावर,Event
गाडी,Product
आरोपीं,Person
कोर्ट,Organization
इलाही जमादार,Person
१९६४,Event
म्हणाला,Person
नितेश राणे,Person
भाजपा,Organization
त्याचा,Person
दवाखान्यात,Organization
upachar,Event
Star Sports Network,Organization
भारत,Location
न्यूझीलंड,Location
मॅच,Event
निर्मात्यां,Organization
चित्रपट,Product
पोलीस कर्मचारी,Person
पोलीस,Organization
मृत्यूमुखी,Event
यहोवा,Person
गांधी,Person
जयंती,Event
त्याच,Person
बॉलिवूड,Organization
ह्याला सुरवात,Event
पाकने,Person
जग,Organization
काश्मीर,Location
प्रश्न,Event
त्याच,Person
भारत,Location
दहशतवादाविरोधात,Event
इराण,Location
असदुद्दीन ओवेसी,Person
मायकल,Person
पोलिस,Organization
सोनिया गांधी,Person
त्यांची,Person
सोशल मीडिया,Organization
वनविभाग,Organization
येशू,Person
तर राष्ट्रगीताने कार्यक्रम,Event
येशूने,Person
भोपाळ,Location
महाराष्ट्र,Location
राज्य,Person
पोचपावतीसाठी,Organization
QR कोड सर्टिफिकेट,Product
Takrar dar,Person
लाच लुचपत प्रतिबंधक विभाग,Organization
महिला,Person
उत्सव,Event
यहोव,Person
यहोवा,Organization
रस्त्यांवर,Location
गल्ल्यांमध्ये,Location
त्या सभेत,Person
स्वर्गदूत,Person
यहोवासमोर,Person
स्वर्ग,Location
शहिद,Person
tar mulan,Organization
सुधारगृह,Location
पोलीस,Person
पोलीस,Organization
याप्रकरणी,Location
तपас,Event
कसोटी सामने,Event
एक-दिवसीय सामने,Event
ट्वेंटी२० सामना,Event
यात काही जण,Person
अजूनही,Person
त्यां,Person
दोघा,Person
जावडेकर,Person
प्राज्ञपाठशाळा मंडळ,Organization
ग्रंथालय,Organization
Appendix,Product
टीम इंडिया,Organization
न्यूझीलंड,Organization
सेमीफायनल,Event
फायनल,Event
योजना,Organization
प्रायोगित,Event
तेव्हाची ही घटना,Event
रणवीर सिंग,Person
सारा अली खान,Person
शेत,Location
त्याची,Person
इथे,Location
उणीदुणी,Product
पंतप्रधान मोदी,Person
एएनआय,Organization
राज्य,Person
सरकार,Organization
राज्य,Location
जीवाणू,Product
आम्हाला,Person
उद्योग,Product
Team,Person
England,Organization
Chennai,Location
Match,Event
पंतप्रधान नरेंद्र मोदी,Person
छत्रपती शिवाजी महाराज,Person
मुंबई,Location
भाजप उमेदवार,Person
भाजप,Organization
उमेदवाराचा दाव,Event
पंतप्रधान मोदी,Person
ओली,Person
नरेंद्र मोदी,Person
के,Person
मोतिहारी,Location
अमलेखगंज,Location
नेवाळ,Location
नवी दिल्ली,Location
उद्धाटन,Event
संयुक्तपणे व्हिडिओ कॉन्फरन्सिंग,Event
पेट्रोलियम पदार्थ,Product
पुलवामा,Location
खात्मा,Event
पालक,Person
शाळा,Organization
एनडीए,Person
टीडीपी,Person
आंध्र प्रदेश,Location
शिक्षक,Person
ट्रम्प,Person
निवडणुकीचे,Event
त्यानंतर,Person
मेलबर्न,Organization
मेलबर्न,Location
त्यानंतर,Person
कोर्ट,Organization
प्रकरण,Event
फोन,Product
महात्मा गांधी,Person
भारतीय रिझर्व्ह बँक,Organization
नवीन नोट,Product
उद्धव ठाकरे,Person
रश्मी पाटणकर,Person
आदित्य,Person
तेजस,Person
डोंबिवली,Location
विवाह,Event
उमेश,Person
वन,Organization
दुसऱया कसोटी,Event
बॅंक,Organization
मायावती,Person
शहर,Location
घटना,Event
बंधू आणि भगिनीं,Organization
पहिल्या वर्ष,Event
दरम्यान,Location
गแกस गळती,Event
त्याच,Person
चित्रपट दिग्दर्शन,Organization
मिलिंद देवरा,Person
अरविंद सावंत,Person
कॉंग्रेस,Organization
शिवसेना,Organization
मुंबई,Location
दक्षिण मध्य,Location
त्यामुळे,Person
त्यामुळे,Location
देश,Location
अनिल कपूर,Person
कुणाल खेमू,Person
नवी दिल्ली,Location
भारत,Location
व्यक्ती,Person
संकटांपासून,Event
पहिलीच नामी संधी,Event
सरकार,Organization
मोदी,Person
मोदी सरकार,Organization
राम नाथ कोविंद,Person
प्रचार आणि प्रसार करण्यासाठी माहिती आणि प्रसारण मंत्रालया,Organization
लोकतंत्र के स्वर (खंड -2 आणि द रिपब्लिकन एथिक (आवृत्ती 2)),Product
ट्र्म्प,Person
पंतप्रधान मोदी,Person
काश्मीर,Location
अजित पवार,Person
राष्ट्रवादicho,Organization
मुंबई,Location
आरोपीं,Person
पोलिस,Organization
वानवडी,Location
देश,Location
जदयूचे,Person
74 ambiguity,Person
भाजपा,Organization
 ambiance,Location
ऑस्ट्रेलिया,Location
बांग्लादेश,Location
बेल्जियम,Location
ब्राझील,Location
फ्रान्स,Location
फ्रेंच गायाना,Location
जपान,Location
कोरिया,Location
मेक्सिको,Location
नामिबिया,Location
नायजीरिया,Location
रीयूनियन,Location
रशिया,Location
दक्षिण आफ्रिका,Location
अメリカ,Location
वरिष्ठ अधिकारी,Person
सीआयएसएफ,Organization
घटनास्थळ,Location
घटन,Event
भारतीय नागरिक,Person
पत्रकार,Person
चित्रपट महोत्सव संचालनालय,Organization
गोवा सरकार,Organization
मनोरंजन संस्था,Organization
गोवा,Location
इफ्फी,Event
त्यानंतर,Person
भारत,Location
सिंधु,Person
श्रEEKांत,Person
प्रणीथ,Person
Australian Open,Event
तू,Person
राज्यात विधानसभा,Organization
राज्य,Location
निवडणुका,Event
पंतप्रधान नरेंद्र मोदी,Person
गृहमंत्री अमित शहा,Person
विधानसभा,Organization
निवडणुका,Event
विद्यार्थी,Person
काश्‍मीर,Location
आंदोलन,Event
कामडी,Product
मोहरी,Product
लसुण,Product
गुलाबीसर,Product
कांदा,Product
Share India,Organization
मला,Person
ते,Person
भारतामध्ये,Location
त्याने,Person
आवेशाने,Person
सेवा,Organization
रमेश सोलंकी,Person
बीव्हीएस,Organization
युवासेना,Organization
रशिया,Location
हायकोर्ट,Organization
प्रे. कृत्ये,Person
पं. र.,Organization
१४,Event
न्यायमूर्ती डीवाय चंद्रचूड,Person
न्यायमूर्ती अशोक भूषण,Person
न्यायमूर्ती एस. ए. नजीर,Person
bobडे,Person
त्याच,Person
तिथे,Person
तुम्ही,Person
आशी,Person
भाजप,Organization
चर्चा,Event
वाकड,Person
गुन्हा,Event
हिना खान,Person
प्रियांका शर्मा,Person
अपघात,Person
चौकशी,Organization
या,Event
भागात,Location
वैज्ञानिकां,Person
अजोय मेहता,Person
नंदकुमार,Person
सुबोधकुमार जयस्वाल,Person
वेणू गोपाल रेड्डी,Person
मिश्रा,Person
राष्ट्रीय गंगा परिषद,Organization
आर्थ गंगा,Product
त्यां,Person
बनारस हिंदू विश्वविद्यालय,Organization
बनारस,Location
जण,Person
चौकशीसाठी,Event
देश,Location
हा,Person
ऐतिहासिक,Event
नितीश कुमार,Person
जेपी नारायण,Person
राम मनोहर लोहिया,Person
जॉर्ज फर्नांडिस,Person
उपप्रजाती,Product
देव,Person
पेन्टेकॉस,Organization
सर्वांवर मस्तक,Event
ज्येष्ठ नागरिक,Person
गजाआड,Location
संघटने,Organization
घटने,Event
सुखदेव पाटील,Person
जगदीश शेट्टी,Person
अब्दुल अजीज,Person
घोषणा,Event
तपासणी,Event
वस्तू,Product
औद्योगिक कॉरिडॉर,Location
पट्टे,Location
मुलाखत,Person
शो दाव,Person
बिग बॉस,Organization
बिग बॉसच्या घरात,Location
परस्परांच्या प्रेमात,Event
पोलिस,Person
पोलिस,Organization
रश्मी देसाई,Person
सिद्धार्थ शुक्ला,Person
Bigg Boss 13,Event
कंप्युटर,Product
पोलिस,Person
पोलис,Organization
चौकशी,Event
जगातल्या,Location
लोकेशन्स,Location
त्यांच,Person
विवाह सोहळ्याचे,Event
जॉय तिर्की,Person
राजेश देव,Person
एसआयटी,Organization
आरोपीं,Person
घटनास्थळ,Location
देश,Location
विद्यार्थ्यां,Person
,Organization
क्रीडामहोत्सवात,Location
क्रीडामहोत्सव,Event
बाजीप्रभू,Person
नितीशकुमार,Person
पाटणा,Location
मतदान,Event
आनंद कुमार,Person
आता,Person
स्त्रिय,Person
कपडे,Product
देवाने,Person
मिसरमधल्या,Location
शेतकर્ય,Person
राज्य,Location
मात,Person
भारत,Location
लाकडी,Product
कार्लोसन,Person
यहोवा,Person
बाप्तिस्मा,Event
त्यां,Person
दिल्ली थिएटर,Organization
दिल्ली,Location
"डग्गubber, व्यंकटेश, सुरेश बाबू",Person
विवाहसोहळ,Event
सर्वोपचार रूग्णालय,Organization
गौरव,Person
ख्रिस्त,Person
पुनरुत्थान,Event
कपिल शर्मा,Person
सुमोना चक्रवर्ती,Person
पोलीस,Organization
टीव्ही इंडस्ट्री,Organization
मुंबई,Location
देश,Location
जॉन्सन,Person
डेमोक्रॅटिक पक्ष,Organization
आंबेडकर,Person
सरकार,Organization
राज्य सरकार,Organization
त्यां,Person
रशिया,Organization
अमेरिका,Organization
चीन,Organization
रशिया,Location
अमेरिका,Location
चीन,Location
मानव पाठवला,Event
मोदी,Person
राहुल गांधी,Person
प्रियंका,Person
पूजा,Person
लालू यादव,Person
तेजप्रताप,Person
बिहार,Location
देव,Person
श्रीमंत,Person
मात्र,Person
सरकार,Organization
मुंबई,Location
अधिकाऱ्यां,Organization
विद्यार्थ्यां,Person
प्रतिक्रिया,Event
ते,Person
माघारी,Organization
माघारी,Location
,Person
,Location
,Event
हॉस्पिटल्स,Organization
कोविड केअर सेंटर्स,Organization
Firefox,Organization
Firefox,Product
डिझेल,Product
त्यांनी,Person
घर,Location
सामान,Product
फिलिपाईन समुद्र,Location
भूविज्ञान मंत्रालय,Organization
एनडीआरएफ,Organization
भारतीय हवामान खात्या,Organization
महाराष्ट्र,Location
अलिबाग,Location
मुंबई,Location
अरबी समुद्र,Location
चक्रीवादळ,Event
घर,Location
त्यांच,Person
हल्ला,Event
सुशांत सिंह राजपूत,Person
शेवटची इमोशनल पोस्ट,Event
मुकेश अंबानी,Person
देवेंद्र फडणवीस,Person
जयंत पाटील,Person
फ्री काश्मीर,Location
ट्विटरवॉर,Event
दुर्घटनेत,Event
पंतप्रधान नरेंद्र मोदी,Person
केंद्रीय मंत्री अरुण जेटली,Person
घरी,Location
त्याची,Organization
दरड,Location
दुर्घटना,Event
माजी महिला सहकाऱ्या,Person
पचौरी,Location
आयताकृत्ती,Product
टोकदार,Product
ओव्हल,Product
काश्मीर,Location
खात्मा,Event
भारतीय जनता पक्ष,Organization
या दोन्ही राज्यातील,Location
निवडणुक,Event
मुंबई,Location
ठाणे,Location
पनवेल,Location
कल्याण,Location
डोंबिवली,Location
फटका बसल,Event
मात्र,Person
मुख्यमंत्री,Person
शिवसेन,Organization
आरोपीं,Person
पोक्सो,Event
घर,Location
इंदिरा जयसिंग,Person
एस. ए. बोबडे,Person
पीजेएससी अलरोसा,Organization
आंतरराष्ट्रीय हिरा उत्पादक संघ,Organization
अलरोसा,Organization
मुंबई,Location
हिरे,Product
विद्यार्थी,Person
दगडफेकीमध्ये,Location
नेहमी,Person
यु,Event
नवव्या,Event
दहाव्या,Event
कृष्णाजी,Person
अनंत,Person
श्रीशिवप्रभु,Person
संवाद,Event
केएल राहुल,Person
मयंक अग्रवाल,Person
आरोग्यसेवकां,Person
आगोदरच अन्य रोगाने बाधित आहेत,Person
कॉलेज विद्यार्थिनी,Person
दुचाकी,Location
अपघातात,Event
त्या,Person
पaulाने,Person
त्या युगाच्या,Event
मुख्यमंत्री,Person
शिवसेना,Organization
भाजप,Organization
मुंबई,Location
एकमत झालेलं,Event
महात्मा गांधी,Person
गाव,Location
SIP,Product
आयसीसी,Organization
देशात,Location
महाराष्ट्र,Location
तामिळनाडु,Location
आंध्र प्रदेश,Location
कर्नाटक,Location
तवार,Person
आजारी,Event
दिवस काढणारे,Event
shivangi kapoor,Person
UNESCO,Organization
पॅरिस,Location
व्हर्सायल,Location
,Person
ELTecNOMIDIA,Organization
,Location
50व्या स्थापनादिन,Event
,Product
अ‍ॅलिस्टर कूक,Person
डेव्हिड वॉर्नर,Person
केन विलियम्सन,Person
स्टीव्ह स्मिथ,Person
एबी डिव्हिलियर्स,Person
बेन स्टोक्स,Person
डेल स्टेन,Person
स्टुअर्ट ब्रॉड,Person
नफ़्थान लियोन,Person
जेम्स अँडरसन,Person
त्यांच्यासारखं,Organization
ते,Person
राष्ट्र,Location
शासकीय वैद्यकीय महाविद्यालय,Organization
संबंधित अल्पवयीन तरुण,Person
पोलिस,Organization
न्यायालयात हजर करण्यात येणार,Event
राज्यात,Location
ठिक ठिकाणी,Location
निदर्शने,Event
patrakar,Person
पत्रकार परिषद,Organization
श्री. राकेश ठाकूर,Person
आणि,Product
व्यावहारिक,Product
मोदी,Person
अल्बर्ट स्टबलबाइन,Person
अमेरिकन सैन्य,Organization
१९८३,Event
पण,Person
बॉक्सआॅफिस,Organization
राज्यपालांचा प्रतिनिधी,Person
उपक्रम,Organization
तुर्कस्तान,Location
Diyarbakır,Location
Amed,Location
सरकार,Person
लेखांकन,Organization
निविदा प्रक्रिया,Event
औषध निर्मिती उद्योग,Organization
रायपूर,Location
माधोपुरा,Location
राज्याचे उपमुख्यमंत्री अजित पवार,Person
देवेंद्र फडणवीस,Person
सहकार राज्यमंत्री विश्वजित कदम,Person
देवेंद्र भुयार,Person
राहुल नार्वेकर,Person
गोपीचंद पडळकर,Person
प्रवीण पोटे,Person
राहुल,Person
कोरोनाची लागण,Event
रवींद्र,Person
महाराष्ट्र,Location
मुंबई,Location
रवींद्र हॉल,Location
राज्यव्यापी शिक्षक साहित्य संमेलन,Event
त्यां,Person
कुटुंब,Organization
शिक्षक,Person
विद्यार्थ्य,Organization
भारत,Location
औषध,Product
राज्य सरकार,Organization
मुंबई हायकोर्ट,Organization
मुंबई,Location
दरवाढीविरोधात,Event
मात्र,Person
चर्चा,Organization
अॅमी,Person
जॉर्ज,Person
विखे पाटील,Person
सुजय विखे पाटील,Person
भाजप,Organization
दीपिका पदुकोण,Person
रणवीर सिंग,Person
मोदी,Person
मोदी सरकार,Organization
बाब,Person
तिने,Person
प्रतिबिंब,Event
लहान मुले,Person
इस्राएल,Person
यहोवा,Person
मोशे,Person
लोक,Person
पेशावर,Location
सरकार,Organization
ओदिशा सरकार,Organization
त्या,Location
अहलुवालिया,Person
दिल्ली,Location
परिषद,Event
बजावले होते,Event
हिंदुस्थानचा संघ,Organization
वेस्ट इंडीज,Location
दौऱ्यावर,Event
प्रत्येक जण,Person
एक,Person
यूट्यूब,Organization
दिवास,Event
व्हिडिओ,Product
यंत्रणा,Organization
स्थानिक,Location
दोघांना,Person
तरीसुद्धा,Person
देवावर,Organization
पुस्तक,Product
त्या,Person
आंदोलन,Event
बंधू नेथन नॉर,Person
जबाबदार,Organization
 अलास्का,Location
यावर कमिशन,Organization
त्यानंतर,Person
भारत,Organization
भारत,Location
प्राचीन,Organization
बायबल,Product
यहोवा,Person
या,Person
पोलीस ठाण्य,Organization
वडवणी,Location
घटने,Event
दिल्ली,Location
पेट्रोल,Product
डिझेल,Product
रोज,Person
रोहित हेंड्रिग्ज,Person
त्या,Person
आम्हाला,Organization
भारत,Location
जग,Location
प्रवासी विमान वाहतुकी,Product
बाजारपेठ,Product
अरुण जेटली,Person
संरक्षण मंत्रालय,Organization
भारताच्या कृषी आणि शेतकरी कल्याण मंत्रालय,Organization
संयुक्त अरब आमिरातीच्या हवामान बदल आणि वातावरण मंत्रालय,Organization
भारत,Location
संपूर्ण घटना,Event
देवेंद्र फडणवीस,Person
तान्हाजी,Person
पोलिस,Person
पोलिस,Organization
,Location
प्रकरण,Event
पारस छाबडाने,Person
आकांक्षा पुरीसो,Person
टीव्ही डेस्क,Organization
बिग बॉस 13,Event
त्याला,Person
भाऊ,Person
पत्नी,Person
मुलगा,Person
मुलगी,Person
इपझं,Location
पाणी,Product
आम्ही,Person
टीव्ही,Organization
रोमकर,Person
राहुल गांधी,Person
मोबाईल,Product
सिनेमात,Location
आम्ही,Person
आंदोलन,Event
नाही,Location
देवेंद्र फडणवीस,Person
भारत,Location
वर्ष,Event
यहोवा,Person
इतर कलाकार,Person
सिनेमा,Organization
मी,Person
अग्निशमन दल,Organization
घटना,Event
कायदेशीर लढाई,Event
आनंद पंडित,Person
येशू,Person
काय,Location
पत्रकार,Person
तू,Person
अब्राहाम,Person
कनानी,Location
हित्ती,Location
अमोरी,Location
परिज्जी,Location
यबूसी,Location
गिर्गा,Location
क्रीडा,Organization
त्यांना,Person
रुग्णवाहिके,Organization
गृहमंत्री,Person
अरुण जी,Person
पक्ष,Organization
सरकार,Organization
देव,Person
मानव,Person
बायबल,Organization
एस. के. जयशंकर,Person
जुगलकिशोर ठाकोर,Person
भाजप,Organization
उत्तर गुजरात,Location
किशोरवयात,Person
मृत्यू,Event
पॅट कमिन्स,Person
धर्मभास्कर विनायक महाराज,Person
मसूरकर,Person
चौकशी,Event
येशुने,Person
तुला,Person
पोलिस स्टेशन,Organization
पंतप्रधान नरेंद्र मोदी,Person
सैतान,Person
त्याला,Person
येशू,Person
मदरशांच्या व्यवस्थापकां,Person
मदरशांच्या,Organization
रूग्णालय,Location
भारत सरकार,Organization
भारत,Location
करीमनगर,Location
भारत,Location
तेलंगणा,Location
जण,Person
दिलमानी मिश्रा,Person
नितीशकुमार,Person
राज्य महिला आयोग,Organization
विहार,Location
बाब,Person
ADR,Organization
समिती,Person
सरकार,Organization
अढिया,Person
त्यानुसार,Person
या बैठक,Organization
शाळा,Organization
राहुल गांधी,Person
शरद पवार,Person
सभा,Event
मुर्टी,Person
मुंबई,Location
गाव,Location
त्या,Person
हिंदू बजरंग दल,Organization
दुर्गा,Event
आयफोन,Organization
आयफोन ११,Product
तू,Person
श्रीकांत,Person
सायना नेहवाल,Person
सिडनी,Location
इंडोनेशिया,Location
ऑस्ट्रेलिया,Location
इंडोनेशिया ओपन सुपर सीरिज,Event
नवज्योत सिंग सिद्धू,Person
पंजाब,Location
राजीनामा,Event
त्याने,Person
असदुद्दीन ओवैसी,Person
एमआयएम,Organization
प्रियंका चोप्रा,Person
सलमान खान,Person
भारत,Location
आप,Person
ट्वΙΤ्टर,Organization
मी,Person
भाज्यां,Product
त्यांच्यावर,Person
रुग्णालय,Organization
मुंबई,Location
त्यानंतर,Person
त्यानेच,Person
साथीदारांची,Person
पण,Person
पोलिस,Organization
वरळी,Location
इथली,Location
हवासुद्धा,Location
तिखट,Product
ग्रामीण पोलिस,Person
पोलिस,Organization
ग्रामीण,Location
तата,Event
टाय,Event
महिला,Person
त्याखाली दोन जण,Person
dब्ल्याने,Event
त्यांनी,Person
म्हणून माणसा,Person
त्यां,Person
उत्तराखंड विधानसभा,Organization
उत्तराखंड,Location
2002 ते 2007,Event
फर्ग्युसन कॉलेज,Organization
पुणे,Location
महाविद्यालय,Location
महाराष्ट्र राज्य माध्यमिक व उच्च माध्यमिक शिक्षण मंडळ,Organization
पुणे,Location
नागपूर,Location
औरंगाबाद,Location
म्हुंबई,Location
कोल्हापूर,Location
अमरावती,Location
नाशिक,Location
लातूर,Location
कोकण,Location
बारावीची परीक्षा,Event
न्यायालय,Person
त्यां,Person
न्यायालय,Organization
अंत्यसंस्कार,Event
निती आयोग,Person
निती आयोग,Organization
भारत,Location
आवाहन,Event
आपल्याला,Location
पाणिनी,Event
अष्टाध्यायी,Product
राज्य,Location
नवज्योत सिंह सिद्धू,Person
पंजाब सरकार,Organization
नवी दिल्ली,Location
अम्ही,Person
स्कॅनिंग टनेलिंग सूक्ष्मदर्शक,Product
रवीश कुमार,Person
विदेश मंत्रालय,Organization
आठवडय़ांमध्ये,Event
आपण,Organization
सादिया,Person
आदिल खान,Person
सिनेमात,Organization
असदुद्दीन ओवेसी,Person
एआयएमआयएम (AIMIM),Organization
त्यानी,Person
осред,Organization
जागतिक,Location
वस्त्रांचा दर्जा,Product
व्हॉट्स,Person
व्हॉट्स,Organization
आता,Event
व्हॉट्स अॅप,Product
त्याच्या,Person
विभागीय पोलिस,Organization
याप्रकरणी,Location
खानापूर,Location
स्थानकात,Location
गुन्हा दाखल,Event
हिमालयीन पर्वतरांग,Location
श्रीनगर,Location
लेह,Location
व्यक्‍ती,Person
निवडून येणारे,Person
सिनेटम,Location
भाज्या,Product
तिनही आरोपीं,Person
गुन्हा,Event
देव,Person
निरीक्षक,Person
Jesus,Person
मुलगा,Person
भाऊ,Person
युरोप,Location
युरोपियन ड्रायव्हिंग लायसंस,Product
कarnatakam,Location
कarnatakmadhya,Location
भारतीय रेल्वे,Organization
अत्यावश्यक वस्तूं,Product
शरद पवार,Person
माझे पती,Person
हांचा,Person
एमास,Organization
बाप्तिस्मा,Event
अध्‍यक्ष,Person
संस्था,Organization
एएसआरबी,Location
स्थापना,Event
akxsik,Person
eksik बङ्क,Organization
बकार्ड,Product
लासजान,Person
गगरीबाल,Person
पंथचौक,Location
नौगम,Location
राजबाग,Location
जवाहर नगर,Location
धारा,Location
बाटमालू,Location
शाल्टेंग,Location
शेंगदाणे,Person
माझे,Person
ते,Person
पंतप्रधान,Person
भारताचे,Organization
भारत,Location
नविन,Organization
समोर,Location
व्यक्ती,Person
या तंत्रज्ञान,Organization
शेअर बाजार,Organization
रांगोळी,Organization
रांगोळी स्पर्धा,Event
आईक्रीम,Product
निर्माला सितारामण,Person
अर्थसंकल्प,Event
मराठवाड,Location
दुष्काळ,Event
त्यांना,Person
रुग्णालय,Organization
मी,Person
पळसखेड,Location
भारत,Location
जपान,Location
पुण्याच्या कोथरूड,Location
ही घटना,Event
टॉम,Person
मेरी,Person
विद्यार्थ्य,Person
त्याने,Person
युरोप,Location
अडचण,Event
वरती सरकवा,Organization
राज्यात,Person
काँग्रेस पक्षाला,Organization
राज्यात,Location
त्‍यां,Person
क्रीडा विश्‍व,Location
जाणण्यायोग्य,Person
यहोवा,Organization
कोकीलाबेन,Person
अंबानी रुग्णालय,Organization
त्याला,Location
जयश्री बोरगी,Person
स्मिता माने,Person
पोलीस,Organization
या एकता दौडी,Event
निवडलेले बॅकएन्ड,Organization
प्रेषित,Person
यावर्षीच्या स्पर्धेत,Event
त्यामुळे,Location
नवाज शरीफ,Person
आम्ही,Person
पोलिस,Person
पोलिस,Organization
नंतर,Person
राजив,Person
संजय,Person
त्याच,Person
विद्यार्थ्यांना,Person
जवळपास,Location
नागरिक,Person
परिसर,Location
अ‍ॅब्सोल्यूट,Person
देव,Person
पोलисांनी,Person
महिला,Person
पोलिस,Organization
महिलेच्या घरात,Location
चौकशीसाठी,Event
याचा,Person
धर्मसुधारक,Person
सर्व,Organization
cctv,Product
यापैकी काहीजण,Person
येथे,Location
शेतकऱ्य,Person
संगमनेर,Location
ात्महत्या,Event
हा,Person
भारत,Location
चीन,Location
मोबाईल फोन,Product
इलेक्ट्रीकल्स वस्तू,Product
प्लास्टिक,Product
मशनरी,Product
वस्तू,Product
कच्चा माल,Product
कॉटन,Product
खनिज ईंधन,Product
त्यां,Person
पोलिस,Organization
धाव,Event
आप,Person
सारा,Person
अमृता सिंह,Person
इब्राहिम,Person
गोवा,Location
"मुकेश अंबानी, लक्ष्मी मित्तल",Person
भारत,Location
त्यांना,Person
परीक्षेत,Event
बौद्ध,Person
कारण,Location
कालखंड,Location
विस्तार,Event
पोलिस,Person
पोलिसांचे स्थानिक गुन्हे शाखेच्या,Organization
घटनास्थळ,Location
घटन,Event
पाहा,Person
बातमी,Organization
व्हीडीओ,Event
सेन्सेक्स,Organization
साप्ताहिक घट नोंदवली,Event
तुम्ही,Person
मी,Person
त्यां,Person
पोलिस,Organization
अमित शहा,Person
खटला,Event
ओमर अब्दुल्ला,Person
मेहबुबा मुफ्ती,Person
जम्मू काश्मिर,Location
नायक कुमारी,Person
ओडिसाच्या गंजम जिल्ह्यातील कडापाडा,Location
त्यां,Person
घर,Location
सौर ऊर्जा,Product
यहोव,Person
एका वरिष्ठ महिला पोलीस अधिकाऱ्या,Person
पोलीस दल,Organization
स्कॉटलंड यार्ड,Organization
लंडन,Location
ब्रिटन,Location
स्कॉटलंड,Location
जण,Person
अपघातात,Location
अपघात,Event
पीडित तरुणीन,Person
सफदरजंग रुग्णालय,Organization
दिल्ली,Location
मीठ,Person
मिरेपूड,Organization
चवीप्रमाणे,Product
इशांत शर्मा,Person
रवींद्र जाडेजा,Person
 क्रिस्ती,Person
पेत्रा,Person
जवान,Person
श्रीनगर,Location
दहशतवादी हल्ला,Event
अर्जुन तेंडुलकर,Person
मुंबई,Location
पदार्पण,Event
क्रिश,Person
भारत,Location
चीन,Location
प्रतिसाद वेळ,Event
ते,Product
सतीश सोनार,Person
श्री. अजय संभूस,Person
यहोवा,Person
बँक ऑफ बडोदा,Organization
एसबीआय,Organization
बडोदा,Location
राममंदिर,Person
नरेंद्र मोदी,Person
सुप्रीम कोर्ट,Organization
तामिळनाडू,Location
सानिया मिझा,Person
शोएब मलिक,Person
भारत,Location
पाकिस्तान,Location
이크ाल,Person
अनुकरणीय,Person
कौटुंबिक,Organization
टोयोटोमी हिडेयोशी,Person
टोकुगावा,Person
पूर्वोत्तर आठ प्रांत,Location
इडो किल्ल्या,Location
प्रत्यक्षदर्शीं,Person
अजगर,Product
चिरलेली लसूण,Product
गरम मिरपूड,Product
पाकिस्तान,Location
फिलिपाईन्स,Location
परमेश्वरा,Person
मुख्यमंत्र,Person
पेट्रोल,Product
डिझेल,Product
अंडा,Product
बलक - 1 चमचे,Product
मी,Person
पश्चिम बंगाल,Location
लढाया,Event
पंतप्रधान नरेंद्र मोदी,Person
तुम्हाला,Person
फटाक्याच्या,Organization
माळा,Location
पेटल्य,Event
त्याच,Person
मृत्यू,Event
वन विभाग,Organization
दिसल्याची माहिती,Event
प्रेषित पौलाने,Person
पुनरुत्थान,Event
ते,Person
राष्ट्र,Location
घडतय,Event
सोनिया,Person
जानवी,Person
मानवी,Person
राम भवन,Organization
Spice Jet,Organization
Go Air,Organization
Indigo,Organization
दूरदृष्टी,Person
बंगबंधू,Person
बांगलादेश,Location
त्यांची,Person
रायफल,Product
मीही,Person
बातमी,Event
पोलिस,Organization
काँग्रेस,Organization
राजस्थान,Location
सत्ता स्थापन,Event
आपले,Location
हुसैन जैदी,Person
मुबई,Location
ममता,Person
रजीब बॅनर्जी,Person
ममता कॅबिनेट,Organization
कर्मचाऱ्यां,Person
कारवाई,Event
प्लॅस्टिक,Product
Priyanka Gandhi,Priyanka Gandhi
Priyanka Gandhi,Person
मनोर,Person
मुंबई,Location
अहमदाबाद,Location
हालोली,Location
भीषण अपघात,Event
कंटेनर दुचाकी,Product
सरकार,Organization
भारत,Location
तनushree दत्ता,Person
नाना पाटेकर,Person
तुझे,Person
कंपनी,Organization
सौरव गांगुली,Person
टीम इंडिया,Organization
कोलकाता,Location
शासनाने,Person
विशेष सरकारी वकील,Person
देश,Location
लईश,Location
येथील,Location
सादोन,Location
राज्यात,Location
कार्यक्रम,Event
मोदी,Person
बोमन इराणी,Person
दर्शन कुमार,Person
महिला,Person
जिल्हा रुग्णालय,Organization
यामध्ये,Location
बुमराह,Person
पुनम यादव,Person
प्रतिनिधीं,Person
काँग्रेस,Organization
दिल्ली,Location
चर्चा,Event
हिंदुस्थानी संघाने,Organization
एक जण,Person
यामध्ये,Location
पोलिस,Organization
देवेंद्र फडणवीस,Person
अमृता फडणवीस,Person
सण,Event
भाजप,Organization
आयपीएल,Organization
अंतिम फेरी,Event
व्यंकय्या नायडू,Person
गोपाळकृष्ण,Person
त्यां,Person
बीमोड,Event
एनपीसीआय,Organization
नॅशनल पेमेंटस कॉर्पोरेशन ऑफ इंडिया,Organization
महाराष्ट्र,Location
आंध्र प्रदेश,Location
तामिळनाडू,Location
उत्तर प्रदेश,Location
कर्नाटक,Location
इंडिया,Location
म्यानमार,Location
लष्करी रुग्णालय,Organization
जखमींवर,Location
डॉक्टर तरुणीन,Person
एमडी,Person
आत्महत्या,Event
देश,Location
तुम्ही,Person
सरकार,Person
निर्णय,Event
मुंबई,Location
बलात्काराच्या अमानुष事件,Event
ROPटे संरक्षणाशी संबंधित कंपन्यां,Organization
तांदळात,Location
2017/983,Event
ट्रायसायक्लोझोल,Product
भारत,Location
सर्वोच्च न्यायालयाही,Person
न्यायालयाही,Organization
मुनीर खान,Person
पोलिस,Organization
दिली,Location
देश,Location
लॉकडाऊन,Event
बाबा,Person
किशोर शिंदे,Person
नेते बाबू वागस्कर,Person
आमदार सिद्धार्थ शिरोळे,Person
विक्रम गोखले,Person
जगदीश मुळीक,Person
हेमंत रासने,Person
धीरज घाटे,Person
अंकुश काकडे,Person
भाजप,Organization
शेख मोहम्मद बिन झाएद अल नाहयान,Person
संयुक्त अरब अमिरातीचा,Organization
अबुधाबी,Location
गणेशोत्सव,Event
दिवाळी,Event
नाताळ,Event
ईद,Event
जपानमधील कंपन्या,Organization
जपान,Location
राष्ट्रीय पथदर्शी कार्यक्रम,Event
मनसे,Organization
राष्ट्रवादी कॉंग्रेस,Organization
विधानसभा निवडणुकांत,Event
त्यां,Person
त्यांचे,Person
वाहने,Product
علی عباس جعفری,Person
Salman Khan,Person
Sultan,Product
टायगर जिंदा है,Product
पंतप्रधान,Person
आयआयटी,Organization
आयआयएसईआर,Organization
भुवनेश्वर,Location
नवी दिल्ली,Location
उद्‌घाटन,Event
त्याच,Person
यहोवा,Organization
त्यां,Person
शिवसेना,Person
संजय राऊत,Person
शिवसेना,Organization
रॉनी स्क्रू,Person
मोहन भागवत,Person
राष्ट्रीय स्वयंसेवक संघ,Organization
कार्यक्रम,Event
मुरुगांथम,Person
अरुणाचलम,Person
तामिळमधल्या,Location
दास,Person
VCDs,Product
DVDs,Product
कोची,Location
1568,Event
हस्तलिखित,Product
सायनागॉगला,Product
यहोवा,Organization
अधिवेशन,Event
राज्य गीते,Product
व्हॉट्सअॅप,Organization
व्हॉट्सअॅप,Product
केंद्र सरकार,Organization
पॅन-आधार कार्ड,Product
मेहुल चोक्सी,Person
नीरव मोदी,Person
पंजाब नॅशनल बँक,Organization
घोटाळ,Event
वरुण गोविंदा,Person
सारा अली खान,Person
त्यालाच,Person
म्हंटले,Person
म्हणाली,Person
तो,Person
लष्करी जवान,Person
लष्कर,Organization
गोळीबार,Event
ते,Person
संस्थेचे,Organization
प्रकरणी कल्याण पोलीस स्टेशन,Organization
प्रकरणी कल्याण,Location
सांजी राम,Person
परवेश कुमार,Person
दीपक खजुरिया,Person
चवदार मांस,Product
मास्क,Product
सॅनिटायझर,Product
केजरीवाल,Person
शपथविधी,Event
देश,Location
तुम्ही,Person
उमा भारती,Person
हरदीप सिंह पुरी,Person
एस. एस. अहलुवालिया,Person
रमेश चंदप्पा जिगाजीनागी,Person
शहर,Location
भारत,Location
आर्थिक मंदी,Event
प्रकरण मंत्री,Person
अनेकजण,Person
जय भगवान गोयल,Person
शिवाजी,Person
नरेंद्र मोदी,Person
भाजप,Organization
มुंबई,Location
आज के शिवाजी- नरेंद्र मोदी,Product
सरकार,Person
त्यांच्या,Person
काम,Organization
तर,Person
वसिम,Person
अजून,Person
मोजत,Product
शाळा,Location
महाविद्यालये,Location
बाजारपेठा,Location
हरिभाऊ बागडे,Person
औरंगाबाद,Location
राजीनामा,Event
भारत,Location
सचिन सावंत,Person
काँग्रेस,Organization
त्यां,Person
१९७९,Event
१९९८,Event
७५,Person
संघटना,Organization
घरी,Location
स्थलांतरीत,Event
त्याने,Person
बारामतीतील रुग्णालयात,Organization
बारामती,Location
कॅमेरात,Product
हैदराबाद,Location
दिल्ली,Location
डॉ. कलबुर्गी,Person
गौरी लंकेश,Person
पानसरे,Event
हत्या प्रकरण,Event
त्या,Person
निवडणूक,Event
मोदी,Person
शरद पवार,Person
अजित पवार,Person
दादाजी भुसे,Person
सुनील केदार,Person
विश्‍वजीत कदम,Person
सुप्रिया सुळे,Person
रोहित पवार,Person
धीरज देशमुख,Person
डॅन अलुफ,Person
आमीर खान,Person
निर्मला पानसरे,Person
नीता बारवकर,Person
पौर्णिमा तावरे,Person
रajेंद्र पवार,Person
डॉ. सुहास जोशी,Person
ग्रीकल्चर डेव्हलपमेंट ट्रस्ट,Organization
जिल्हा परिषद,Organization
पंचायत समिती,Organization
बारामती,Location
यहोशाफाट,Person
मायावती,Person
बहुजन समाज पक्ष,Organization
लखनौ,Location
निवडणूक,Event
विश्वनाथ महाडेश्वर,Person
हेमांगी वरळीकर,Person
शिवसेना,Organization
मुंबई,Location
उत्तरखंड,Location
रुद्रप्रयाग,Location
भूकंप,Event
मुंबई सरकार,Organization
सोलापूर,Location
मुंबई,Location
वृत्तांत,Event
भारत,Organization
मुंबई,Location
दिल्ली,Location
राजपथ,Location
गेटवे ऑफ इंडिया,Location
इंडिया गेट,Location
धारातीर्थी,Location
पहिल्या महायुद्ध,Event
लिलाव,Event
कांदा,Product
शेतकर्‍य,Person
बी. बी. पाटील,Person
आय,Organization
मतदान,Event
इमारत,Location
आग,Event
खेळ,Event
गорі,Location
मेजर ध्यानचंद,Person
राष्ट्रीय क्रीडा दिन,Event
नोएडा,Location
दिल्ली,Location
गाझीपूर,Location
चर्चा,Event
दिवाळी,Event
विजयसिंह मोहिते-पाटील,Person
लोकसभा,Organization
माढ,Location
स्थानिक युवक,Person
सुरक्षा दल,Organization
निमलष्करी दल,Organization
भरती,Location
मेळावे,Event
आपल्या क्षेत्रात,Location
तो,Person
उत्पादने,Product
राज्य,Location
Electrode,Product
जर,Person
योजनांच्या,Event
केन स्कॉट,Person
शेतकऱ्यां,Person
बँका,Organization
1 मार्च 2020,Event
31 ऑगस्ट 2020,Event
भीषण,Person
अपघात,Event
मुंबई,Location
वर्सोवा चौपाटी,Location
स्वच्छता मोहीम,Event
भारत,Location
नवीकरणीय ऊर्जा क्षमता,Product
धार्मिक कार्यक्रमांचे,Event
भाजप,Organization
मास्टर,Person
पंतप्रधान नरेंद्र मोदी,Person
इमरान खान,Person
पाकिस्तान,Location
कारला,Person
वेवर,Organization
मुंबई,Location
पुणे,Location
भीषण अपघात,Event
एक्स्प्रेस,Product
म्हणाले,Organization
तुमचा,Person
बचत,Organization
आपण,Person
 आम्ही,Person
निवडणुका,Event
त्याच,Person
मयत,Person
तरुण,Person
पोलीस,Organization
पोलिस,Organization
भानावर,Person
ग्राहक,Organization
अनुदान,Product
आपण,Organization
राज ठाकरे,Person
ऍटोनiyो ग्युटेरेस,Person
संयुक्त राष्ट्र,Organization
मग तरीही लोक,Person
दहशतवाद्यां,Organization
पुलवामा,Location
आत्मघातकी हल्ला,Event
संपत,Product
भारत,Organization
लढाई,Event
भारत,Location
इंडोनेशिया,Location
पहिल्या सामन्यात,Event
डॉ. भारत भोसले,Person
महाविद्यालय,Organization
साय मॉक खाम,Person
पंतप्रधान नरेंद्र मोदी,Person
म्यानमार,Location
नवी दिल्ली,Location
त्याचे,Person
ईस्ट इंडिया कंपनी,Organization
मोहंमद बा अब्बा,Person
फळे,Product
भाज्या,Product
सिनेमा,Organization
पंतप्रधान नरेंद्र मोदी,Person
निवडणुका,Event
परमेश्वर मोशेला,Person
केक,Product
कोणत्या,Person
बॅंकेत,Organization
संस्था,Organization
१९९२ साली,Event
काहींसाठी,Person
एका,Person
बागेत,Location
संचालक,Person
मंडळ,Organization
ममता बॅनर्जी,Person
याबाबत,Person
गाव,Location
कोर्टाने,Person
त्याने,Person
येशू,Person
बातमी,Event
पोलिस,Person
सहकारनगर पोलिस,Organization
घटनास्थळ,Location
सहकारनगर,Location
धाव,Event
बोर्ड परीक्षा,Event
खेडा,Location
नारळ,Product
कुमारस्वामी,Person
कोसळले,Event
उद्धव ठाकरे,Person
साई जन्मभूमी,Organization
पाथरी,Location
मुद्दा,Location
निदर्शकांना,Person
पोलिस,Organization
कारवाई,Event
त्यामुळे,Location
आल्या,Event
शरद पवार,Person
राष्ट्रवादी काँग्रेस,Organization
लखनऊ,Location
अहमदाबाद,Location
जयपूर,Location
तिरुवनंतपूरम,Location
गुवाहाटी,Location
पोलिसा,Organization
नदी,Location
नाले,Location
विहिरी,Location
त्यावर,Person
इस्राएली,Organization
देश,Location
पीडित,Person
महाराष्ट्र,Location
कर्नाटक,Location
सांगली,Location
बालगाव,Location
दिवाळी,Event
विकासक,Person
डायरेक्ट रिलेशनशिप ओनरशीप हाऊसिंग,Organization
त्यांचे चाहते,Person
श्रद्धांजली,Event
नasel,Person
शाळा,Organization
आयोग,Organization
प्रिलिम परीक्षा,Event
समितीने,Person
समिती,Organization
त्यामुळे,Location
उलटसुलट प्रश्न,Event
संयोगभूमी,Location
विरोधकांनी,Person
सरकार,Organization
घोषणा,Event
या,Person
पुरुष,Person
यहोवा,Organization
पोलिस,Organization
दुलीप करंडक,Organization
भारत,Location
क्रिकेट स्पर्धा,Event
ती,Person
यहोवा,Person
निषेध मोर्चे,Organization
आंदोलने सुरू,Event
यहोवा,Person
इस्राएल,Person
यहोवा,Organization
इस्राएल,Organization
संधी,Event
महामार्ग,Location
त्यांना,Person
रुग्णालय,Organization
यावेळी,Location
मी,Person
रोहित शर्मा,Person
गारपीट,Product
विशेष विमा कवच,Product
खरे,Person
असल्यास,Organization
पार्श्वभूमी,Location
