Word,Tag
જૈશ-એ-મોહમ્મદ,B-PER
તેમણે,B-PER
જૈશ-એ-મોહમ્મદ,B-PER
હરિયાણા,B-ORG
હરિયાણા,B-LOC
સાથોસાથ,B-PER
રાષ્ટ્રીય,B-PER
અધ્યક્ષ,I-PER
ભારતીય,B-ORG
જનતા,I-ORG
પાર્ટી,I-ORG
જનતા,B-ORG
પાર્ટી,I-ORG
મોદી,B-PER
કોંગ્રેસ,B-ORG
માતા,B-PER
બહાર,B-PER
Brāḍ,B-PER
Piṭ,I-PER
કોંગ્રેસ,B-PER
અંદરખાને,B-PER
કોંગ્રેસ,B-ORG
પ્રધાનમંત્રી,B-PER
કોરોના,B-ORG
હોસ્પિટલ,B-ORG
પ્રધાનમંત્રી,B-PER
શ્રી,I-PER
નરેન્દ્ર,I-PER
મોદી,I-PER
રાષ્ટ્ર,B-ORG
તમે,B-PER
ઈશ્વર,B-PER
સિંક,B-LOC
વાનગીઓ,B-PROD
અહેડ,B-PER
મૃત્યુ,B-EVT
ફ્લાઈટ,B-ORG
લંડન,B-LOC
ફ્લાઈટ,B-PROD
પંજાબ,B-LOC
છત્તીસગઢ,B-LOC
હાર્દિક,B-PER
પંડ્યા,I-PER
શિવમ,B-PER
દુબે,I-PER
વોશિંગટન,B-LOC
Pakistan,B-ORG
WhatsApp,B-ORG
INSTANT,B-ORG
WhatsApp,I-ORG
 ભારત,B-LOC
INSTANT WhatsApp,B-PROD
તેમણે,B-PER
યુએસ,B-LOC
એક,B-PER
યુવક,I-PER
મહિલા,B-PER
ઢોર,B-LOC
રોહિત,B-PER
શર્મા,I-PER
અંકિત,B-PER
સિંઘ,I-PER
વોટ્સએપ,B-ORG
વોટ્સએપ ફીચર્સ,B-PROD
તેમ,B-PER
વ્યક્તિ,B-PER
Qualcomm,B-ORG
Snapdragon 855+,B-PROD
Smartphone,B-PROD
રાજ્ય,B-ORG
શિક્ષણ,I-ORG
વિભાગ,I-ORG
રમતગમત,B-ORG
કચેરિઓ,I-ORG
રાજ્યો,B-LOC
જિલ્લા,B-LOC
રમત ગમત સ્પર્ધાઓ,B-EVT
ભારત,B-LOC
શ્રી,B-PER
પ્રકાશ,I-PER
જાવડેકર,I-PER
કેન્દ્રીય,B-ORG
માહિતી,I-ORG
અને,I-ORG
પ્રસારણ,I-ORG
નવી દિલ્હી,B-LOC
એમજી,B-ORG
મોટર્સ,I-ORG
મતદાન,B-EVT
ઈસરો,B-ORG
ભારત,B-ORG
ટ્વીટ,B-EVT
ચંદ્રયાન-2,B-PROD
ુમેરાયેલ,B-PER
બીટ,B-PROD
પોલીસ,B-ORG
પોલીસ એક્શન,B-EVT
રોયલ,B-ORG
એશિયાટિક,I-ORG
સોસાયટી,I-ORG
બોમ્બે,B-LOC
શ્રદ્ધા,B-PER
નેહા,B-PER
રોહન,B-PER
લગ્ન,B-EVT
બોલિવૂડ,B-PER
સેલેબ્સની,I-PER
 પ્રેક્ટિસ ,B-LOC
સંગઠિત,B-ORG
ગ્રાહક-,B-ORG
ગ્રાહક,I-ORG
પ્રી-ઓન્ડ કાર,B-PROD
તે જગ્યાએ,B-LOC
સાક્ષીઓ,B-PER
મને,B-PER
ચેન્નાઈ,B-PER
ઈન્ટ્રિગલ,B-ORG
કોચ,I-ORG
ફેક્ટર,I-ORG
ચેન્નાઈ,B-LOC
शाहशाह,B-PER
कान,I-PER
केट्रिना,B-PER
कैफ,I-PER
रणबीर,B-PER
कापर,I-PER
आलिया,B-PER
भट्ट,I-PER
सारा,B-PER
अली,I-PER
खान,I-PER
अनिल,B-PER
कपूर,I-PER
झानवी,B-PER
कापर,I-PER
विक्की,B-PER
कउशल,I-PER
परिनीती,B-PER
चोप्रा,I-PER
रणवीर,B-PER
सिंह,I-PER
अक्षय,B-PER
कुमार,I-PER
आयुष्मान,B-PER
खुराना,I-PER
कार्तिक,B-PER
आरйन,I-PER
शाहशाह,B-PER
અમને,B-PER
સભ્યો,B-ORG
સ્કાઇપે,B-ORG
આપણ,B-PER
નીતીશકુમાર,B-PER
ડૉકટરો,B-PER
આરોગ્ય,B-ORG
વિભાગ,I-ORG
જિલ્લા,B-ORG
અધિકારીઓ,I-ORG
આનો,B-PER
ઉકેલ,I-PER
ઇપ્પલ,B-ORG
મુંબઈ,B-LOC
ચેન્નાઈ,B-LOC
આઈપ્પલ ટાઈટલ,B-EVT
મકાઈ,B-PROD
સગીરા,B-PER
રાહુલ,B-PER
ગાંધી,I-PER
કોંગ્રેસ,B-ORG
ઈફ્તાર પાર્ટી,B-EVT
ભાજપ,B-PER
તૃણમુલ,B-PER
ભાજપ,B-ORG
કોંગ્રેસ,B-ORG
હિંસક ઝડપની ઘટનાઓ,B-EVT
ભારત,B-LOC
કેન્દ્ર,B-ORG
સરકાર,I-ORG
ગોદરેજ,B-ORG
ગ્રુપ,I-ORG
મુંબઈ,B-LOC
વિક્રોલી,B-LOC
અમદાવાદ,B-LOC
બુલેટ ટ્રેન પ્રોજેક્ટ,B-EVT
આપણે,B-PER
ઈસ્રાએલી,B-PER
પ્રેગનન્સી,B-PER
Internal Memory,B-PROD
રાષ્ટ્રપતિ,B-PER
ગુજરાત,B-ORG
યુનિવર્સિટી,I-ORG
ફારૂન,B-PER
સુરક્ષાકર્મીઓ,B-PER
વિસ્તાર,B-LOC
તપાસ,B-EVT
ઈશ્વર,B-PER
બાઇબલ,B-ORG
લેખકો,I-ORG
બાઇબલ,B-PROD
અંકુશ,B-PER
શહેરની,B-ORG
બસ,I-ORG
શહેર,B-LOC
બસ,B-PROD
મૂકેશ,B-PER
અંબાણી,I-PER
રિલાયન્સ,B-ORG
ઇન્ડસ્ટ્રીઝ,I-ORG
ફોર્બ્સ,B-ORG
ઇન્ડિયા,I-ORG
વિશ્વ,B-LOC
તારાજી,B-EVT
કોરોના વાયરસ,B-PROD
પરિવાર,B-PER
પોલીસ,B-ORG
મથક,I-ORG
ગુમ,B-EVT
લોકો,B-PER
લગાવ,B-EVT
યહોવાહ,B-ORG
વ્યક્તિ,B-PER
Salman,B-PER
Sonam,B-PER
દીપિકા,B-PER
ફિલ્મ,B-EVT
સીસીએસ,B-ORG
લોકસભા,B-ORG
વિધાનસભા,B-ORG
દેશ,B-LOC
ચૂંટણીઓ,B-EVT
YouTube,B-ORG
પોલીસ,B-PER
મામલતદાર,B-PER
ફાયર,B-ORG
બ્રિગેડ,I-ORG
ઘટના સ્થળે,B-LOC
ઘટના,B-EVT
પેટ્રોલ,B-PROD
ડીઝલ,B-PROD
ભારત,B-ORG
મેચ,B-EVT
યહોવાહ,B-PER
તેને,B-ORG
આરુનાચલમ,B-PER
મુરુગનાથમ,I-PER
પવિત્ર શ્રાવણ,B-EVT
નદીઓ,B-LOC
પ્રધાનમંત્રી,B-PER
નરેન્દ્ર,I-PER
મોદી,I-PER
ડોનાલ્ડ,B-PER
ટ્રમ્પ,I-PER
એસિડિટી,B-PROD
BCG,B-ORG
ટ્યુબેકોલોસીસ (TB),B-PROD
BCG,B-PROD
બંને,B-PER
પ્રધાનમંત્રીઓ,I-PER
વીડિયો કોન્ફરન્સ,B-EVT
સુમન,B-PER
રાવ,I-PER
ગુજરાત,B-ORG
ATS,I-ORG
ઘર,B-LOC
વિદેશી,B-ORG
કંપનીઓ,I-ORG
દક્ષિણ મુંબઈ,B-LOC
કપડાં,B-PROD
હીરા,B-PROD
જ્વેલરી,B-PROD
ફાર્માસ્યુટિકલ,B-PROD
ઇલેક્ટ્રૉનિક્સ,B-PROD
જોકે,B-PER
ઇતિહાસ,B-EVT
યહોવાહે,B-PER
શેતાન,B-PER
Bond,B-ORG
Funds,B-PROD
પતિ,B-PER
ગ્રામજનો,B-PROD
તેઓ,B-PER
મહિષાસુર,B-PER
મા,B-PER
દુર્ગા,B-PER
દુર્ગાપૂજા,B-EVT
તેણે,B-PER
એક,B-ORG
અભ્યાસ,I-ORG
દાવો કરવામાં,B-EVT
પ્રશાંત,B-PER
પટેલ,I-PER
શ્રીગણેશ,B-PER
કોંગ્રેસ,B-ORG
વડોદરા,B-LOC
પ્રચાર,B-EVT
એનાથી,B-ORG
યહોવાહ,B-PER
શાહરુખ,B-PER
ખાન,I-PER
ભારતીય,B-ORG
સિનેમા,I-ORG
लા,B-ORG
ટ્રોબ,I-ORG
યુનિવર્સિટી,I-ORG
અસ્ટ્રેલિયા,B-LOC
મેલબર્ન,B-LOC
ગ્રીન,B-ORG
ટ્રેન,I-ORG
ધોધમાર,B-LOC
વરસાદ,B-EVT
Terriers,B-PROD
દિલિપ,B-PER
વેંગસ્કર,I-PER
લોર્ડ્સ,B-ORG
1986,B-EVT
ઓફિસ,B-ORG
યહોવાહ,B-PER
ધરપકડ,B-EVT
જોકે,B-PER
બીજેપી,B-ORG
જર્મની,B-LOC
સેનાધ્યક્ષ,B-PER
બિપિન,I-PER
રાવત,I-PER
LoC,B-LOC
લસણ,B-PROD
રોહિત,B-PER
શર્મા,I-PER
ભારત,B-ORG
નવી દિલ્હી,B-LOC
આંબળા જ્યુસ,B-PROD
હિન્દુસ્તાન,B-LOC
નરેન્દ્ર,B-PER
મોદી,I-PER
મમતા,B-PER
બેનર્જી,I-PER
Euromaster,B-ORG
Masterrcard,B-ORG
Vizah,B-ORG
Master,B-ORG
Eurocard,B-PROD
MasterCard,B-PROD
પરિવારજનો,B-PER
બોક્સ,B-ORG
ઉત્તર,B-LOC
પૂર્વ ભારત,B-LOC
ફિલ્મ,B-EVT
ઘોડાપૂર,B-LOC
આ રીતે,B-EVT
તે,B-PER
પોલીસ,B-PER
પોલીસ,B-ORG
અમિત,B-PER
શાહ,I-PER
રામ,B-PER
અયોધ્યા,B-LOC
બનશે,B-EVT
ગગનચુંબી રામ મંદિર,B-PROD
જિલ્લે,B-ORG
પ્રશાસન,I-ORG
જમ્મુ-કાશ્મીર,B-LOC
કઠુઆ જિલ્લા,B-LOC
બેટી બચાવો-બેટી પઢાઓ યોજના,B-EVT
મારી,B-PER
મારુતિ,B-ORG
સુઝુકી,B-ORG
2018 ઓટો એક્સ્પો,B-LOC
2018 ઓટો એક્સ્પો,B-EVT
હાઈબ્રિડ વર્ઝન,B-PROD
ધ્રૃવ વિસ્તાર,B-LOC
લોકો,B-PER
સાયન્ટિસ્ટ,B-PER
શેતાન,B-PER
બાઇબલ,B-ORG
એમેઝોન,B-ORG
ખાંડ,B-PROD
પરતંત્રતા,B-PER
પ્રેમ,B-PER
તે,B-PER
ભારત,B-LOC
સ્માર્ટફોન,B-PROD
રાહુલ,B-PER
GST,B-ORG
ડીજિટલ,B-ORG
કાર્ડ,B-PROD
હોન્ડા,B-ORG
ઈસુ,B-PER
શ્રી,B-PER
નરેન્દ્ર,I-PER
મોદી,I-PER
અમદાવાદ,B-LOC
સાબરમતી રિવરફ્રન્ટ,B-LOC
અમદાવાદ શોપિંગ ફેસ્ટિવલ – 2019,B-EVT
પ્રાથમીક તારણમાં,B-EVT
અર્જુન,B-PER
મલાઇકા,B-PER
વાણી,B-PER
રોબર્ટ,B-PER
વાડ્રાને,I-PER
દિલ્હી,B-ORG
કોર્ટ,I-ORG
દેશ,B-LOC
દિલ્હી,B-LOC
Social,B-ORG
Media,I-ORG
વિદેશી,B-ORG
એજન્સીઓ,I-ORG
અનિલ,B-PER
કુંબલે,I-PER
કપિલ,B-PER
દેવ,I-PER
હરભજન,B-PER
સિંઘ,I-PER
વિદ્યાર્થીઓ,B-PER
જૂથો,B-ORG
સુશાંત,B-PER
સિંહ,I-PER
રાજપૂત,I-PER
આ,B-ORG
સંમેલન,I-ORG
પોટેટો,B-ORG
કોન્ફરન્સ,I-ORG
એગ્રી,B-ORG
એક્સ્પો,I-ORG
પોટેટો,B-ORG
ફિલ્ડ,I-ORG
પોટેટો કોન્ફરન્સ,B-EVT
એગ્રી એક્સ્પો,B-EVT
પોટેટો ફિલ્ડ ડે,B-EVT
સંપત્તિ,B-PROD
ખટોદરામ,B-PER
ખટોદરામ,B-LOC
ઈસુ,B-PER
રાજ,B-EVT
ઈશ્વર,B-PER
નુહ,B-PER
સિમી,B-PER
ગરેવાલ,I-PER
રાજીવ,B-PER
ગાંધી,I-PER
પોલીસ,B-PER
પોલીસ,B-ORG
પાડોશી,B-LOC
રેલ્વે બ્રિજ,B-LOC
ભાજપ,B-ORG
કોંગ્રેસ,B-ORG
ગુજરાત,B-LOC
ચૂંટણી,B-EVT
ભારત,B-LOC
સંક્રમણ,B-EVT
BSE,B-ORG
NSE,B-ORG
ડોક્ટરો,B-PER
તમને,B-PER
શાહરુખ,B-PER
ઐશ્વર્યા,B-PER
રાય,I-PER
અર્ચના,B-PER
સદાનંદ,I-PER
શાહરુખ,B-PER
ટ્રેલરચાલક,B-PER
ટ્રેલર,B-PROD
સરકાર,B-ORG
એલજી,B-ORG
સુપ્રીમ,B-ORG
કોર્ટ,I-ORG
દિલ્હી,B-LOC
ડૉ.,B-PER
સુસે,I-PER
કારથી ભરેલી શેરી,B-LOC
સાયકલ,B-PROD
નસકોરા,B-ORG
જરેલુ,B-LOC
છુટકારો,B-PROD
અખિલેશ,B-PER
યાદવ,I-PER
સમાજવાદી,B-ORG
પક્ષ,I-ORG
રોમાન,B-PER
હાર્ટસોકે,I-PER
ફેડ્રલ,B-ORG
રિપબ્લિક,I-ORG
ઑફ,I-ORG
જર્મની,I-ORG
૧૯૯૮માં,B-EVT
ગીતશાસ્ત્ર,B-PER
હેબ્રી,B-ORG
તેમના,B-PER
ખાનગી,B-ORG
હોસ્પિટલ,I-ORG
કમ્પ્યૂટર,B-LOC
મોનિટર,B-PROD
બિલાડી,B-PROD
ભારતની,B-ORG
લીગ,I-ORG
ન્યૂઝીલેન્ડ,B-LOC
રમાનારી મેચ,B-EVT
તબીબો,B-PER
NMC,B-ORG
બીલીમોરામ,B-LOC
રેલી,B-EVT
ધરણા,B-EVT
બાળકો,B-PER
પિતા,B-PER
કેસ દાખલ,B-EVT
લીંબુ,B-PROD
પ્રારંભ,B-LOC
પ્રારંભ,B-EVT
શાનદાર,B-PER
ખ્વાજા,B-PER
આસિફ,I-PER
ભારતીય,B-PER
સેનાના,I-PER
પ્રમુખ,I-PER
પાકિસ્તાનના,B-ORG
વિદેશ,I-ORG
મંત્રી,I-ORG
ભારતીય,B-ORG
સેના,I-ORG
સોશિયલ,B-ORG
મીડિયા,I-ORG
સીસીટીવી,B-PROD
એની,B-PER
ફિલ્મ,B-PROD
બીઅર,B-PROD
ઇતિહાસ સ્થળો,B-LOC
સ્થળ,B-LOC
લતા,B-PER
મંગેશકર,I-PER
પુરા,B-EVT
નાગપુર,B-ORG
વિશ્વવિદ્યાલય,I-ORG
નાગપુર,B-LOC
નવી,B-PER
વિધાનસભા,B-ORG
રચના,B-EVT
ઇલાવ,B-PER
ગામના,I-PER
લોકો,I-PER
ઇલાવ ગામ,B-LOC
ખેત,B-PROD
ખેતમજૂરી,B-PROD
પશુ,B-PROD
કોકો,B-PROD
પલંગની,B-LOC
દરવાજાની,B-LOC
બંદર,B-LOC
વહાણ,B-PROD
દરેક,B-PER
લોકો,I-PER
તેણે,B-PER
બીસીસીઆઇ,B-ORG
અને,B-PER
કર્ણાટકના,I-PER
પૂર્વ,I-PER
સીએમ,I-PER
સિદ્ધારમૈયા,B-PER
કોંગ્રેસ,B-ORG
કર્ણાટક,B-LOC
સેના,B-ORG
સીઆરપીએફ,B-ORG
જમ્મુ,B-ORG
પોલિસ,I-ORG
જમ્મુ,B-LOC
સર્ચ ઑપરેશન,B-EVT
હું,B-PER
યુવાન,B-PER
પોલીસ,B-ORG
ચાલક,B-PER
સૈયદ,B-PER
ઉસ્માન,I-PER
સૈયદ,B-PER
બુરહાનુદ્દીન,I-PER
કુતુબુલ,B-ORG
આલમ,I-ORG
મહિલા,B-PER
નવી,B-ORG
દિલ્હી,I-ORG
નવી દિલ્હી,B-LOC
રાફેલ,B-ORG
ભારત,B-LOC
પાકિસ્તાન,B-LOC
રાફેલ ફાઈટર વિમાન,B-PROD
મહિલા,B-PER
નરવણ,B-PER
રાષ્ટ્રીય,B-ORG
રાઇફલ્સ,I-ORG
બટાલિયન,I-ORG
ઈન્ફૈન્ટ્રી,B-ORG
બ્રિગેડ,I-ORG
જમ્મુ-કાશ્મીર,B-LOC
પૂર્વીય મોરચા,B-LOC
મહિલા,B-PER
કેમ્બ્રિજ,B-ORG
યુનિવર્સિટી,I-ORG
પ્રેસ,I-ORG
કેમ્બ્રિજ,B-LOC
ન્યૂ યોર્ક,B-LOC
ગીતશાસ્ત્ર,B-PER
યહોવાહ,B-PER
દેવ,B-ORG
કંપની,B-ORG
આફ્રિકા,B-LOC
ઉત્તર અમેરિકા,B-LOC
ડોફિનનું વેચાણ,B-PROD
યહોવાહ,B-PER
મુસા,B-PER
Quallcomm,B-ORG
Snapdragon 730G,B-PROD
બાળકો,B-PER
એનએમઓઓપી,B-ORG
નેશનલ,B-ORG
મિશન,I-ORG
ઓન,I-ORG
ઓઇલસીડ્સ,I-ORG
એન્ડ,I-ORG
ઓઇલ,I-ORG
પામ,I-ORG
ઓઇલ,B-PROD
તેમણે,B-PER
DAV,B-ORG
કોલેજ,I-ORG
કાનપુર,B-LOC
ભારત,B-LOC
અમેરિકા,B-LOC
વાતચીત,B-EVT
સ્પેનના,B-PER
રાફેલ,I-PER
નડાલ,I-PER
સ્વિત્ઝર્લેન્ડના,B-PER
રોજર,I-PER
ફેડરર,I-PER
જીવન,B-ORG
સુધારતા,I-ORG
નવા નિયમ,B-EVT
મારી,B-PER
અમે,B-PER
જો,B-PER
રુટ,I-PER
ઇંગ્લેન્ડ,B-ORG
શાળાઓ,B-ORG
વારાણસી જિલ્લા,B-LOC
LED બલ્બ,B-PROD
ફુગાવો,B-PER
તમારે,B-PER
મહિલાએ,B-PER
આરોપી,B-PER
તેમણે,B-PER
પોસ્ટલ વોટની ગણતરી,B-EVT
ીય,B-ORG
સેના,I-ORG
કાર,B-PROD
राम,B-PER
निवास,I-PER
गوید,I-PER
દિલ્હી,B-ORG
વિધાનસભા,I-ORG
દિલ્હી,B-LOC
હું,B-PER
નિતિન,B-PER
ગડકરી,I-PER
ભાજપ,B-ORG
મુંબઈ,B-LOC
બ્લેક,B-PER
કોંગ્રેસ,B-ORG
જેડીએસ,B-ORG
રાજ્ય,B-LOC
ગઠબંધન,B-EVT
ભાંગ્યુ,B-EVT
ગૅરી,B-PER
હિપ,B-ORG
હિપ રિપ્લેસમેન્ટ ઑપરેશન,B-EVT
કેન્દ્રીય,B-PER
માનવ,I-PER
સંસાધન,I-PER
અને,I-PER
વિકાસમંત્રી,I-PER
સરકાર,B-ORG
કેન્દ્રીય,B-ORG
માનવ,I-ORG
સંસાધન,I-ORG
અને,I-ORG
વિકાસમંત્રી,I-ORG
સિક્કિમ,B-ORG
યુનિવર્સિટી,I-ORG
સિક્કિમ,B-LOC
આપણે,B-PER
અમે,B-PER
ભારતીય,B-ORG
સેના,I-ORG
યુદ્ધવિરામ,B-EVT
ઘર,B-ORG
ફોન,B-PROD
એન્જિન,B-PROD
આરોપી,B-PER
પોલીસ,B-ORG
સાઉદી,B-ORG
અરબ,I-ORG
ભારત,B-LOC
તેઓ,B-PER
મધ્ય,B-ORG
પ્રદેશ,I-ORG
હાઈકોર્ટ,I-ORG
ચેરીટેબલ,B-ORG
ટ્રસ્ટસ,I-ORG
રાફેલ,B-PER
ડીલ,B-PER
દેશ,B-LOC
વિવાદ,B-EVT
પી.,B-PER
ચિદમ્બરમ,I-PER
કોંગ્રેસ,B-ORG
ઇનોકસ,B-ORG
પ્રતિમા,B-PER
સંમારકામ,B-EVT
ગૌરવ,B-PER
ડેથ બનો,B-EVT
પોલીસે,B-PER
સૂસાઇડ,B-EVT
અંહી,B-LOC
તાહિર,B-PER
હુસૈન,I-PER
દિલ્હી,B-LOC
હિંસા કડકડડુમા,B-EVT
મોટા,B-PER
વપરાયેલ કાર,B-PROD
માધ્યમિક,B-ORG
શિક્ષણ,I-ORG
બોર્ડ,I-ORG
પૂરક પરીક્ષા,B-EVT
વ્યક્તિ,B-PER
જમીન,B-LOC
હાઉડી,B-PER
મોદી,B-PER
હ્યૂસ્ટન,B-LOC
વરસાદે મચાવી તબાહી,B-EVT
ગુજરાત,B-LOC
ફેરબદલી,B-EVT
P.,B-PER
Chidambaram,I-PER
iarex,B-ORG
media,I-ORG
તીહાડ જેલ,B-LOC
હુમલા,B-EVT
અદાલત,B-PER
ફિલ્મ,B-ORG
બોક્સ ઓફિસ,B-EVT
બિજનોર,B-LOC
કાનપુર,B-LOC
બલિયા,B-LOC
ગંગાયાત્રા,B-EVT
રાજ્યભર,B-LOC
હું,B-PER
કાળજી,B-ORG
વૃક્ષારોપણ,B-EVT
તે,B-PER
કામ,B-PER
અલ્હાઝ,B-PER
ઓવન,B-PROD
એબીસીએલ,B-ORG
भारत,B-LOC
ગુજરાત,B-LOC
વીડિયો,B-PROD
બ્રિસબેન,B-LOC
અફઘાનિસ્તાન,B-LOC
ઈંગ્લેન્ડ,B-LOC
મોબાઇલ ફોન,B-PROD
નીલ્સ,B-PER
રેકેલ,B-PER
પહાડો,B-LOC
સમુદ્ર,B-LOC
આફ્રિકા,B-LOC
મેજર,B-PER
રીડ,I-PER
ટૂકડી,B-ORG
બાઇબલ,B-PROD
મહિલા,B-PER
પુરુષ,B-PER
પુરુષ,B-PER
ઘટનાસ્થળ,B-LOC
મોત,B-EVT
નેશનલ,B-ORG
હાઉસિંગ,I-ORG
બેંક,I-ORG
ભારત,B-LOC
સિલ્ક સાડી,B-PROD
સુરત,B-ORG
સુરત,B-LOC
ક્રિસ,B-PER
ગેલ,I-PER
રોહિત,B-PER
શર્મા,I-PER
ઓસ્ટ્રેલિયા,B-LOC
ચેન્નઈ,B-PER
સુપર,I-PER
કિંગ્સ,I-PER
ચેન્નઈ,B-ORG
સુપર,I-ORG
કિંગ્સ,I-ORG
ડીઝલ,B-PROD
પેટ્રોલ,B-PROD
સીએનજી,B-PROD
ગાંધી,B-PER
ગાંધીમૂલ્યો,B-ORG
ઈશ્વર,B-PER
ભૂમિ,B-PER
પેંડણેકર,I-PER
ફિલ્મ,B-EVT
જિયા,B-PER
આત્મહત્યા,B-EVT
કેલિફોર્નિયા,B-LOC
આગ,B-EVT
અમિત,B-PER
શાહ,I-PER
ભાજપ,B-ORG
ઓસ્ટ્રેલિયા,B-LOC
ઓસ્ટ્રેલિયામાં,B-LOC
ટ્રમ્પ,B-PER
વહીવટી,B-ORG
તંત્ર,I-ORG
ભણસાલી,B-PER
શેક્સપિયર,B-PER
રોમિયો,B-PER
જુલિયટ,B-PER
રામલીલા ફિલ્મ,B-PROD
અસ્થિસુષિરતા,B-LOC
સંબંધ,B-EVT
પ્રધાનમંત્રી,B-PER
મોદી,B-PER
ગુજરાત,B-LOC
રાજનાથ,B-PER
સિંહ,I-PER
યોગી,B-PER
આદિત્યનાથ,I-PER
સોશિયલ,B-ORG
મીડિયા,I-ORG
આ ઘટના,B-EVT
નરેન્દ્ર,B-PER
મોદી,I-PER
થાઇલેન્ડ,B-LOC
વ્યક્તિ,B-PER
મીરા,B-PER
ઇન્સ્ટાગ્રામ,B-ORG
અધિકારી,B-PER
ફાયર,B-ORG
વિભાગ,I-ORG
ઘટનાસ્થળ,B-LOC
ઘટના,B-EVT
દલિત,B-PER
ભાજપ,B-ORG
અત્યાચાર મુદ્દે,B-EVT
મહિલા,B-PER
અમદાવાદ,B-ORG
સાયબર,I-ORG
ક્રાઇમ,I-ORG
પોલીસ,I-ORG
સ્ટેશન,I-ORG
અમદાવાદ,B-LOC
પ્રધાનમંત્રી,B-PER
ફિલ્મ,B-PROD
વીડિયો,B-PROD
Varian,B-ORG
8GBરેમ/256GB સ્ટોરેજ વેરિએન્ટ,B-PROD
12GB રેમ/256GB સ્ટોરેડ વેરિએન્ટ,B-PROD
મંદિર,B-LOC
ભાઈ,B-PER
વિશ્વાસુ,B-PER
અને,B-PER
શાણા,B-PER
ચાકર,B-PER
નિયામક,B-PER
કાનૂની,B-ORG
નિગમ,I-ORG
પુરુષ,B-PER
સ્ત્રી,B-PER
યુવતીઓ,B-PER
અમિતાભ,B-PER
બચ્ચન,I-PER
અભિષેક,B-PER
બચ્ચન,I-PER
ઐશ્વર્યા,B-PER
રાય,I-PER
બચ્ચન,I-PER
આરાધ્યા,B-PER
બચ્ચન,I-PER
કોરોના,B-EVT
ઈસુ,B-PER
કાઈસારીઆ,B-LOC
ફિલિપીમાં,B-LOC
ધંધા,B-LOC
ભારત,B-LOC
શિષ્યવૃત્તિ,B-EVT
જસદણ,B-PER
ભાજપ,B-ORG
ચૂંટણી,B-EVT
ભારત,B-LOC
વિકાસદર,B-EVT
મધ્યપ્રદેશ,B-LOC
વરસાદ,B-EVT
ઇન્દિરા,B-PER
ગાંધી,I-PER
લાભ,B-EVT
ભારત,B-ORG
સંત,B-PER
આર્શીવચન,B-PER
ભાઇ,B-PER
શાસ્ત્રી,B-PER
વિરાટ,B-PER
કોહલી,I-PER
India,B-ORG
Israel,B-ORG
Palestine,B-LOC
ઉમેદવારી પરત,B-EVT
હેલ્મેટ,B-PROD
ટોપલી,B-PROD
મોટરસાઇકલ,B-PROD
તેને,B-ORG
આઈપીએલ 2020,B-EVT
વોટ્સએપ,B-ORG
મેસેજ,B-PROD
ધરપત,B-PER
સંધિવામાં,B-LOC
દુખાવો,B-EVT
માસુમ,B-PER
આ અઠવાડિયે,B-EVT
પ્રાથમિક,B-ORG
શાળા,I-ORG
સાંસ્કૃત્તિક કાર્યક્રમો,B-EVT
બાઇબલ,B-PER
સંકટ,B-EVT
હિન્દુ,B-PER
સુશાંત,B-PER
સિંહ,I-PER
રાજપૂત,I-PER
નિધન,B-EVT
સાધકો,B-PER
પ્રધાનમંત્રી,B-PER
ખીજડિયા,B-LOC
તકતીનું અનાવરણ,B-EVT
અંતિમ વિશ્રામી સ્થળ,B-LOC
रघुबир,B-PER
दास,I-PER
ઝારખંડ,B-LOC
જમશેદપુર,B-LOC
એમ.,B-PER
સી.,I-PER
મેરી,I-PER
વર્લ્ડ વિમેન્સ બોક્સિંગ ચેમ્પિયનશિપ,B-EVT
ઇનાયાની,B-ORG
(Innaayanee),I-ORG
પોલીસ,B-ORG
જપ્ત,B-LOC
જપ્ત,B-EVT
રૂપિયાના શૂઝ,B-PROD
રાજીવ,B-PER
ગાંધી,I-PER
હત્યા,B-EVT
મોઝનેકે,B-PER
YouTube,B-ORG
અપમૃત્યુ,B-PER
હોસ્પિટલના,B-PER
ડોક્ટરો,I-PER
હોસ્પિટલ,B-ORG
દિલ્હી,B-ORG
પોલીસ,I-ORG
દિલ્હી,B-LOC
મારા,B-PER
એવોર્ડ,B-EVT
ભારત,B-LOC
જીત,B-EVT
Sperry,B-PER
Sperry,B-PROD
યોગી,B-PER
આદિત્યનાથ,I-PER
ઉત્તર,B-ORG
પ્રદેશના,I-ORG
સરકાર,I-ORG
ઉત્તર પ્રદેશ,B-LOC
ઘટના,B-EVT
વડા,B-PER
પ્રધાન,I-PER
ભારતનું,B-ORG
સરકાર,I-ORG
ચૂંટણી,B-EVT
રાજીવ,B-PER
કુમાર,I-PER
સીઆઈડી,B-ORG
પશ્વિમ બંગાળ,B-LOC
જેમાં,B-PER
ઇડીએફ,B-ORG
ટીમ,I-ORG
માઇક,B-PER
હેસન,I-PER
ભારતીય,B-ORG
ટીમ,I-ORG
એપલાઈ,B-ORG
ચીન,B-LOC
સંક્રમણ,B-EVT
મહામારી,B-EVT
ઔરંગાબાદ,B-LOC
હૈદરાબાદ,B-LOC
રાજ્યરાની,B-LOC
રામપુર,B-LOC
ટ્રેન દુર્ઘટના,B-EVT
પેસેન્જર ટ્રેન,B-PROD
આ,B-PER
બાઉન્ડ્રી,B-LOC
બહાર,B-EVT
સોજો,B-PER
પગની ઘૂંટી,B-PROD
મેટલ,B-ORG
રિફાઈનરી,B-ORG
ઓટો,B-ORG
બેન્ક,B-ORG
આઈટી,B-ORG
મંદી,B-EVT
કોંગ્રેસ,B-ORG
વિજય,B-EVT
આરોપી,B-PER
મામલે,B-EVT
એના,B-PER
દિન,B-EVT
શીખવા,B-ORG
એમ,B-PER
વાલિયા,I-PER
સારવાર,B-PER
મોત,B-EVT
નાના સ્પંદનો,B-EVT
ઉત્તર પ્રદેશ,B-LOC
બિહાર,B-LOC
બંગાળ,B-LOC
ઇ-કોમર્સ,B-ORG
સમય,B-EVT
પોલીસ,B-PER
પોલીસ,B-ORG
ડોક્ટર,B-PER
ચતુરમુકેશ્વર મંદિર,B-LOC
સ્વજનો,B-PER
પર્યટનના સ્થળે,B-LOC
શીલા,B-PER
દિક્ષિત,I-PER
સંદીપ,B-PER
દિક્ષિત,I-PER
કોંગ્રેસ,B-ORG
દિલ્હી,B-LOC
અઝલન,B-PER
શાહ,I-PER
ભારત,B-LOC
જાપાન,B-LOC
જિત,B-EVT
હરાવ્યું,B-EVT
અમારા,B-PER
આંતરિક,B-ORG
રોકાણ સુરક્ષા સંધિ,B-EVT
ઋષિ,B-PER
કપૂર,I-PER
અંબાણી,B-PER
નીતૂ,B-PER
છોકરો,B-PER
જકત્કાર,B-EVT
પીટર,B-PER
ક્રેગી,I-PER
સાંસદો,B-PER
ધારાસભ્યો,B-PER
પાર્ટી,B-ORG
રેલી,B-EVT
હાલમાં,B-PER
મહિલા,I-PER
તેના,B-PER
પતિ,I-PER
પોલીસ,B-ORG
ભાજપ,B-ORG
ફાઇલનાં,B-LOC
મોદી,B-PER
સરદાર,B-PER
પટેલ,I-PER
સ્ટેચ્યૂ,B-ORG
ઓફ,I-ORG
યુનિટી,I-ORG
મહિલા,B-PER
છત્રી,B-PROD
ટોપી,B-PROD
તજનો પાઉડર,B-PROD
પીયુસી સર્ટીફીકેટ,B-PROD
દસ્તાવેજ,B-LOC
વિઝ્યુલાઇઝેશન,B-ORG
જોકે,B-LOC
પેરન્ટ્સ,B-PER
બાળકો,B-PER
અધિકારી,B-PER
પ્રોપર્ટી,B-ORG
રજિસ્ટ્રાકને,I-ORG
ફેવરિટ પ્લેસ,B-LOC
તેમણે,B-PER
હુમલામાં,B-EVT
પ્રવાસીઓ,B-PER
દેશ,B-LOC
James,B-PER
G.,I-PER
Blain,I-PER
અધિકારીઓ,B-PER
ભાઈ,B-PER
રૂમ,B-LOC
પાયલોટ,B-PER
પત્રકાર,B-PER
અભિનેત્રી,B-PER
પ્રણવ,B-PER
મુખર્જી,I-PER
દિલ્હીની,B-ORG
આર્મી,I-ORG
દિલ્હી,B-LOC
તેણે,B-PER
પાંચ અડધી સદી,B-EVT
બે સદી,B-EVT
Grand,B-ORG
Budapest,I-ORG
2014,B-EVT
એક,B-PER
ટાસ્ક,I-PER
કિલર,I-PER
યુવાન,B-PER
પોલીસે,B-ORG
મોત,B-EVT
સીએબી,B-ORG
એનઆરસી,B-ORG
કોલકાતામાં,B-LOC
લોકો વિરોધ પ્રદર્શન,B-EVT
અજયકુમાર,B-PER
ભલ્લા,I-PER
ગૃહ,B-ORG
મંત્રાલય,I-ORG
કોવિડ-1,B-EVT
આવશ્યક ચીજવસ્તુ,B-PROD
આ,B-PER
દંપતી,I-PER
પામેલા,B-PER
કેનેડા,B-LOC
વેનકુવર આઇલેન્ડ,B-LOC
ઘર,B-LOC
લગ્ન,B-EVT
સમારોહ,B-EVT
સંજય,B-PER
દત્ત,I-PER
રણબીર,B-PER
કપૂર,I-PER
ગળામાં,B-LOC
રૉબર્ટ,B-PER
વાડ્રાન,I-PER
તારુ,B-PER
અહીં,B-LOC
દાઉદ,B-PER
હનીફની,B-PER
ભારત,B-ORG
ઇંગ્લેન્ડ,B-ORG
ભારત,B-LOC
ઇંગ્લેન્ડ,B-LOC
પ્રત્યાર્પણ,B-EVT
પાંદડા,B-LOC
લોકો,B-ORG
વાયદા,B-LOC
સીઆઇડી,B-ORG
વોકેશનલ,B-ORG
ટ્રેનિંગ,I-ORG
સેન્‍ટર,I-ORG
પાટણ,B-LOC
આનંદ,B-PER
મનોજ,B-PER
તિવારી,I-PER
ભાજપ,B-ORG
દિલ્હી,B-LOC
Facebook,B-ORG
India,B-LOC
payments service,B-PROD
ફાઇલ,B-ORG
પ્રવેશ,I-ORG
ભરત,B-PER
અરૂણ,I-PER
આર.,B-PER
શ્રીધર,I-PER
મકાનો,B-LOC
રોકડા રૂ,B-PROD
વેરિયન્ટ,B-PROD
જમ્મૂ-કશ્મીર,B-ORG
પોલીસ,I-ORG
જમ્મૂ-કશ્મીર,B-LOC
પશ્ચિમ બંગાળ,B-LOC
ચંદ્રકાંત,B-PER
પાટીલ,I-PER
લોયર,B-PER
કિશોર,I-PER
શિંદે,I-PER
ભાજપ,B-ORG
મહારાષ્ટ્ર,B-ORG
નવનિર્માણ,I-ORG
સેના,I-ORG
કોથરુડ,B-LOC
સ્ત્રીરોગવિજ્ઞાની,B-PER
દવા,B-PROD
યાજક,B-PER
દેવ,B-PER
અમેરિકન,B-LOC
Mahendra,B-PER
Singh,I-PER
Dhoni,I-PER
Ranchi,B-LOC
Cricket Tournament,B-EVT
યહોવાહ,B-PER
પ્રાચી,B-PER
તહેલાન,B-LOC
લગ્ન,B-EVT
સુઝન,B-PER
સહકાર,B-ORG
રાજ,B-PER
નીતિઓ,B-EVT
અમર,B-PER
અકબર,B-PER
સલમાન,B-PER
ખાન,I-PER
સેમસંગ,B-ORG
ેસબીઆઈ,B-ORG
એચડીએફસી,B-ORG
બેંક,I-ORG
આઈસીઆઈસીઆઈ,B-ORG
બેંક,I-ORG
એક્સિસ,B-ORG
બેંક,I-ORG
કાર્ડ્સ,B-PROD
એના,B-PER
શહેરી ક્ષેત્રો,B-LOC
પડોશની,B-LOC
આવાસીય પરિસરો,B-LOC
બજાર,B-LOC
શોપિંગ મૉલ,B-LOC
સીસીટીવીએ,B-ORG
પ્રથમ ઉડાન,B-EVT
તમન્ના,B-PER
સિનેજગત,B-ORG
બાપુનગર,B-LOC
રૂ,B-LOC
ભારત,B-LOC
પાકિસ્તાન,B-LOC
જીરો પ્વૉઈન્ટ,B-LOC
તેણે,B-PER
ભવિષ્ય,B-EVT
સૌની,B-PER
કાર્તિક,B-PER
બાઇબલ,B-ORG
બ્લેક,B-ORG
કેટ,I-ORG
મિત્ર,B-PER
અમદાવાદ,B-LOC
ગરબા,B-EVT
પાનમસાલો,B-PROD
શાહરૂખ,B-PER
ખાન,I-PER
અનુષ્કા,B-PER
રાસાયણિક,B-PROD
ક્વિમીકો,B-PROD
लોકો,B-PER
બજાર,B-LOC
પિતા,B-PER
રાકેશ,B-PER
રોશન,B-PER
જિતેન્દ્ર,B-PER
કુમાર,I-PER
સરકાર,B-ORG
નરેન્દ્ર,B-PER
મોદી,I-PER
મુલાકાત,B-EVT
વાર્તાલાપ,B-ORG
રામ,B-PER
રામરાજ્યનો પ્રારંભ,B-EVT
યુવતી,B-PER
લગ્ન,B-EVT
સ્વયં-ચકાસણી પાનું,B-PROD
વૃષભ,B-PER
કર્મી,B-PER
કંપની,B-ORG
સામાજિક,B-ORG
નેટવર્ક્સ,I-ORG
ઓર્ડિનલ,B-PROD
સંચિત,B-PROD
બીટા,B-PROD
ગુણાંકનો,B-PROD
મારી,B-PER
રાજકીય,B-ORG
પાર્ટી,I-ORG
દેશ,B-LOC
પાસે પાર્ટી છોડ્યા,B-EVT
આશા,B-PER
બાઇબલ,B-ORG
કોંગ્રેસ,B-ORG
પાર્ટી,I-ORG
સોનમ,B-PER
કપૂર,I-PER
વિક્કી,B-PER
કૌશલ,I-PER
પરેશ,B-PER
રાવલ,I-PER
અનુષ્કા,B-PER
શર્મા,I-PER
મનીષા,B-PER
કોઈરાલા,I-PER
દિયા,B-PER
મિર્ઝા,I-PER
તેણે,B-PER
મારા,B-PER
ભાઈ,I-PER
મોદી,B-PER
ચીન,B-ORG
લદ્દાખ,B-LOC
રાજસ્થાન,B-ORG
રાજસ્થાન,B-LOC
નિરવ,B-PER
મોદી,I-PER
મેહુલ,B-PER
ચોકસી,I-PER
પીએનબી,B-ORG
ચૂનો,B-PROD
હાલ,B-PER
આંગણવાડી,B-ORG
કેન્દ્ર,I-ORG
એ,B-ORG
બધાનો,I-ORG
કાયદેસર,B-ORG
માટે,B-EVT
અમે,B-PER
તમને,B-PER
ઍન્ડરસન,B-PER
પૈસા,B-PROD
પીએમ,B-PER
મોદી,I-PER
મહામન,B-PER
મદન,B-PER
મોહન,I-PER
માલવીય,I-PER
લંકા,B-LOC
ગેટ,B-LOC
માલ્યાર્પણ,B-EVT
જનતા,B-PER
બંધારણ,B-PER
નિર્માતા,I-PER
प्रकाश,B-PER
जावडेकर,I-PER
राज्य,B-ORG
રમત ગમતના સાધનો,B-PROD
બનાવ,B-PER
અંગેની,I-PER
જાણ,I-PER
સરપંચ,B-PER
પીયુષ,B-PER
ગોયલ,I-PER
આવકવેરામાંથી,B-LOC
બાઇબલ,B-LOC
ચક્ર,B-EVT
આઇપીએલ,B-EVT
પાલિકામાં,B-ORG
શાળા,B-ORG
દિવસો,B-EVT
પ્રધાનમંત્રી,B-PER
એરીઝ,B-ORG
ટેલીસ્કોપ,I-ORG
ઉત્તરાખંડ,B-LOC
દેઓસ્થલ,B-LOC
જાગૃતિ,B-PER
ક્વીન,B-PER
પ્રિન્સ,B-PER
ફિલિપ,I-PER
વિન્ડસર પેલેસ,B-LOC
જોયું,B-EVT
પ્રમાણસર,B-LOC
બરફ,B-EVT
દક્ષિણપૂર્વીય યુનાઇટેડ સ્ટેટ્સ,B-LOC
નારાજ થવાનો પ્રશ્ન,B-EVT
ધર્મના,B-PER
બંધારણ,B-LOC
ધાણાજીરું,B-PROD
મોદી,B-PER
જી-20 સમ્મેલન,B-LOC
જી-20 સમ્મેલન,B-EVT
પોલીસ,B-ORG
ઘટના,B-EVT
હા,B-ORG
સાત,B-PER
લોકો,I-PER
એક,B-PER
મહિલા,I-PER
અમેરિકા,B-LOC
ફિલ્મે,B-LOC
વડાપ્રધાન,B-PER
રાવણ,B-PER
કૅલેન્ડરને ખોલો,B-EVT
કૅલેન્ડર,B-PROD
દ્વાવિડ,B-PER
દ્વાવિડ,B-ORG
નેશનલ,I-ORG
ક્રિકેટ,I-ORG
એકેડેમી,I-ORG
ઈન્ડિયા,B-ORG
સિમેન્ટ,I-ORG
ગ્રુપ,I-ORG
પ્રકાશસિંહ,B-PER
બાદલ,I-PER
પંજાબ,B-LOC
તમને,B-PER
હવામાન,B-ORG
વિભાગ,I-ORG
આખી દુનિયામાં,B-LOC
કોરોના વાયરસનો કહેર,B-EVT
રેસ્ક્યુ,B-EVT
મલાઇકા,B-PER
અર્જુન,B-PER
કપુર,I-PER
હું,B-PER
રસ્તા,B-LOC
ઘર,B-LOC
ભારત,B-LOC
પેરિસ,B-LOC
શાંતિ સમજૂતી,B-EVT
બેઠક,B-ORG
ઈતિહાસ,B-EVT
ઓછામાં ઓછા ત્રણ વખત,B-EVT
નવો કલર વેરિયન્ટ,B-PROD
રોહિત,B-PER
શર્મા,I-PER
ન્યૂઝીલેન્ડ,B-LOC
ટેસ્ટ,B-EVT
વનડે,B-EVT
બાળક,B-PER
ગંગા સરોવર,B-LOC
પશ્ચિમ બંગાળ,B-LOC
ચક્રવાતી તોફાન,B-EVT
અમ્ફાન,B-EVT
આ,B-PER
યુવાન,I-PER
ગુજરાત,B-ORG
કચ્છ,B-LOC
સાલ,B-LOC
ગ્રૂપ,B-ORG
અમદાવાદ,B-LOC
ક્રાઈમ,B-EVT
બે,B-PER
લોકો,I-PER
શેરી,B-LOC
મોટરસાઇકલ,B-PROD
પાંચ પર,B-EVT
રાજનાથ,B-PER
સિંહ,I-PER
આ,B-ORG
કમિટિ,I-ORG
કરિશ્મા,B-PER
તન્ના,B-PER
ઉપેન,B-PER
પટેલ,I-PER
બિગ બોસ 8,B-PROD
વાયરસ,B-PROD
ઝાડ,B-LOC
શેરી,B-LOC
લેમ્પ પોસ્ટ,B-PROD
તે ક્યાંથે,B-LOC
માછીમાર,B-PER
ત્યાં,B-LOC
સાધનો,B-PROD
પાણીના ધુણામાં,B-LOC
રિઝર્વ,B-ORG
બેંક,I-ORG
ઓફ,I-ORG
ઇન્ડિયા,I-ORG
બેસિક સેવિંગ એકાઉન્ટ,B-PROD
Yahovaha,B-ORG
ઐતિહાસિક,B-PER
ઐતિહાસિક નિર્ણયો,B-EVT
પી.,B-PER
ડી.,I-PER
ફાર્માસ્યુટિકલ્સ,B-ORG
વિભાગ,I-ORG
શ્રી,B-PER
નરેન્દ્ર,I-PER
મોદી,I-PER
રાષ્ટ્રપ્રધાનમંત્રીમંડળ,B-ORG
નાણાં,B-ORG
મંત્રાલય,I-ORG
નવી સ્પેશ્યલ લિક્વિડિટી સ્કીમ,B-PROD
તેમ,B-PER
એક,B-PER
શિક્ષિત,I-PER
ઇજિપ્તીયન,I-PER
નવી રાજશાહી,B-EVT
માસ્ક,B-PROD
પત્ની,B-PER
દીકરી,B-PER
દીકરો,B-PER
ઘર,B-LOC
જીડીપી,B-PER
આ,B-ORG
અધ્યાત્મવિદ્યાપીઠો,I-ORG
પ્રધાનમંત્રીશ્રી,B-PER
નરેન્દ્ર,I-PER
મોદી,I-PER
કેન્દ્રીય,B-ORG
મંત્રી,I-ORG
મંડળે,I-ORG
ભારત,B-ORG
મોઝામ્બિક,B-ORG
ભારત,B-LOC
મોઝામ્બિક,B-LOC
સમજૂતી કરાર (એમઓયુ),B-EVT
ઈસુ,B-PER
લોકો,B-PER
દીનદયાળ,B-PER
ઉપાધ્યાય,I-PER
ખેડૂત,B-ORG
કલ્યાણ,I-ORG
યોજના,I-ORG
લોનનાં ચેક,B-PROD
રોશની,B-PER
મંદિર,B-ORG
કુમાર,B-PER
કોલકાતા,B-ORG
પોલીસ,I-ORG
કોલકાતા,B-LOC
ગરબા,B-PROD
વસ્ત્રો,B-PROD
તસ્કરો,B-PER
સીસીટીવી,B-PROD
કેમેરા,B-PROD
વાચકો,B-PER
તમે,B-PER
ગણેશે,B-PER
સુપ્રીમ,B-ORG
કોર્ટ,I-ORG
ચાર,B-PER
ઘટના,B-EVT
રાહુલ,B-PER
ગાંધી,I-PER
રાજસ્થાન,B-LOC
હાઈકોર્ટ,B-ORG
રાજ્ય,B-ORG
સરકાર,I-ORG
સુપ્રીમ,B-ORG
કોર્ટ,I-ORG
ફિલ્મનું શૂટિંગ,B-EVT
બીચ,B-LOC
પુણેની,B-ORG
કોલેજ,I-ORG
ઓફ,I-ORG
મિલિટ્રી,I-ORG
એન્જીનીયરીંગ,I-ORG
કોર,B-ORG
ઓફ,I-ORG
એન્જીનીયર્સ,I-ORG
પુણે,B-LOC
પ્રમુખયાજક,B-PER
મસીહ,B-PER
ઈસ્રાએલ,B-ORG
પ્રાયશ્ચિત દિવસે,B-EVT
રાજા,B-PER
મહારાજા,B-PER
તેવામાં,B-PER
તે,B-PER
પત્ની,I-PER
મુંબઈ,B-LOC
અલીબાગ,B-LOC
વડાપ્રધાન,B-PER
નાનપુરાસોનવાડ,B-LOC
ભારત,B-LOC
ગુજરાત,B-LOC
મહેસાણા,B-LOC
કડી,B-LOC
ટ્રિપલ રિયર કેમેરા સેટઅપ,B-PROD
ખ્રિસ્ત,B-PER
FIFA,B-ORG
World,B-LOC
World Cup,B-EVT
તેમણે,B-PER
પહેલી વાર,B-EVT
એને,B-PER
આ ટ્રેનો સ્ટેશન,B-LOC
મંગલસૂત્ર,B-ORG
કોણ,B-PER
ઘર,B-ORG
ઇલેક્ટ્રોનિક્સ,B-ORG
દુકાનો,B-ORG
ઉપકરણો,B-PROD
દુનિયા,B-LOC
સેરેના,B-PER
વિલિયમ્સ,I-PER
નાઓમી,B-PER
ઓસાકા,I-PER
US Open 2018,B-EVT
આંધ્રપ્રદેશ,B-ORG
પ્રાદેશિક,I-ORG
આંધ્રપ્રદેશ,B-LOC
બેંગલુરુ,B-LOC
વિજયવાડા,B-LOC
કામગીરી ફરી શરૂ,B-EVT
મનુષ્યો,B-PER
મનુષ્યો પર યુદ્ધો,B-EVT
આફતો,B-EVT
યશાયા,B-PER
શિક્ષા,B-EVT
ત્યાં,B-LOC
દિનેશ,B-PER
રામદીન,I-PER
જેસન,B-PER
મહોમ્મદ,I-PER
રોવમાં,B-PER
પોવેલ,I-PER
રાયડ,B-PER
એમ્રિટ,I-PER
કેમો,B-PER
પોલ,I-PER
ઓડિન,B-PER
સ્મિથ,I-PER
આન્દ્રે,B-PER
મેકકાર્થી,I-PER
એમએન,B-PER
સેમ્યુઅલ્સ,I-PER
એડીએસ,B-PER
ફ્લેત્ચર,I-PER
કેડવિક,B-PER
વોલ્ટન,I-PER
રોવમાં,B-LOC
none,B-PER
none,B-ORG
none,B-LOC
none,B-EVT
none,B-PROD
લેખક,B-PER
મીરાં,B-PER
કાશ્મીરના,B-LOC
જમ્મુ,B-LOC
શ્રીનગર,B-LOC
ડોનાલ્ડ,B-PER
ટ્રમ્પ,I-PER
મેક્સિકો,B-LOC
અમેરિકા,B-LOC
યુઈડીએઆઇ,B-PER
યુઆઇડીએઆઇ,B-ORG
તેમણે,B-PER
પરમેશ્વર,B-ORG
પડતી,B-LOC
અરુણ,B-PER
જેટલી,I-PER
આ,B-ORG
બેઠક,I-ORG
કેન્દ્રીય,I-ORG
નાણાં,I-ORG
Anupam,B-PER
Kher,I-PER
Court,B-ORG
Muzaffarpur,B-LOC
case filed,B-EVT
ટારિઉઆબહેન,B-PER
દક્ષિણ પૅસિફિિક મહાસાગર,B-LOC
કિરીબૅતી,B-LOC
England,B-ORG
Match,B-EVT
રેલવે,B-ORG
મંત્રાલય,I-ORG
રાષ્ટ્રીય,B-ORG
રેલવે,I-ORG
દિલ્હી,B-LOC
મોદી,B-PER
ડોનાલ્ડ,B-PER
ટ્રંપ,I-PER
અમેરિકા,B-LOC
થઈ ચર્ચા,B-EVT
મારા,B-PER
મિત્ર,I-PER
બાલુ,B-PER
રાજ્યના,B-PER
ગૃહ,I-PER
મંત્રી,I-PER
પંચાયત,B-PER
રાજ,I-PER
મંત્રી,I-PER
ગ્રીન,B-ORG
પ્રકાશ,B-PER
એક,B-PER
મહિલા,I-PER
સામે,B-LOC
હેઠળ,B-LOC
February 2020,B-EVT
February 2019,B-EVT
સોનિયા,B-PER
ગાંધી,I-PER
ઇન્દિરા,B-PER
ગાંધી,I-PER
કોંગ્રેસ,B-ORG
પૂણ્ય તીથિ,B-EVT
દુકાન,B-PER
માલિકો,I-PER
કતારગામ,B-ORG
પોલીસ,I-ORG
કતારગામ,B-LOC
પોલીસ મથક,B-LOC
ઘટના,B-EVT
ફરિયાદ નોંધાવી,B-EVT
ઈસુ,B-PER
રૂમીઓ,B-PER
અમિત,B-PER
શાહ,I-PER
મોતિલાલ,B-PER
ઓસવાલ,I-PER
સિદ્ધાર્થ,B-PER
ખેમકા,I-PER
ફાઈનાન્શિયલ,B-ORG
સર્વિસિસ,I-ORG
તેલંગણા,B-LOC
આંધ્રપ્રદેશ,B-LOC
Yahovah,B-PER
Yahovah's,B-ORG
જિમ,B-PER
એક,B-ORG
અમેરિકન,I-ORG
એરલાઇન્સ,I-ORG
આકાશ,B-LOC
મહેશ,B-PER
માંજરેકર,I-PER
વિપક્ષ,B-ORG
કૉંગ્રેસ,I-ORG
વાવાઝોડા,B-LOC
વીજળી,B-PROD
નાગપુર,B-LOC
અમરાવતી,B-LOC
પ્રતિવર્ષ,B-ORG
પ્રતિવર્ષ,B-EVT
ખેરગામ,B-LOC
ભારત,B-LOC
ગુજરાત,B-LOC
વલસાડ,B-LOC
નવસારી,B-LOC
તાલુકા,B-LOC
ુદ્ધવ,B-PER
ઠાકરે,I-PER
પવારે,B-PER
ટ્રેન,B-LOC
ટ્રેક,B-LOC
કરણ,B-PER
જોહર,I-PER
સિટી,B-PROD
ગોલ્ડન રિંગ,B-PROD
દુષ્ટો,B-PER
Refined Oil,B-PROD
મતદાન,B-EVT
ચીન,B-LOC
સબમરીન,B-PROD
તુગલક,B-ORG
રોડ,I-ORG
થાણા,I-ORG
પોલીસ,I-ORG
તુગલક રોડ,B-LOC
કેસ,B-EVT
એનપીઆર,B-PER
જન્મ સ્થળ,B-LOC
જન્મ,B-EVT
અમેરિકા,B-LOC
બ્રાઝિલ,B-LOC
રશિયા,B-LOC
બ્રિટન,B-LOC
ભારત,B-LOC
કોવિડ-19,B-EVT
ક્યાં,B-LOC
મૃત્યુ,B-EVT
જેકી,B-PER
સૈફ,B-PER
અલી,I-PER
ખાન,I-PER
જય,B-PER
સેવકરામાણી,I-PER
પૂજા,B-ORG
એન્ટરટેઇનમેન્ટ,I-ORG
બ્લેક,B-ORG
નાઇટ,I-ORG
ફિલ્મ્સ,I-ORG
નોર્ધર્ન,B-ORG
લાઇટ્‌સ,I-ORG
ફિલ્મ્સ,I-ORG
ચાઈબાસા,B-LOC
પશ્ચિમી સિંહભૂમ જિલ્લા,B-LOC
ઇંગ્લેન્ડ,B-ORG
શ્રીલંકા,B-ORG
કૌભાંડ,B-PER
સારવાર,B-EVT
સ્થળે,B-LOC
Rahul,B-PER
NRC-NP,B-ORG
પીએમ,B-PER
નરેન્દ્ર,I-PER
મોદી,I-PER
મંત્રીમંડળ,B-ORG
સુવાદાણા,B-PROD
સામગ્રી,B-PROD
જલસો,B-ORG
બાઇબલ,B-PER
શિક્ષક,I-PER
બાઇબલ,B-ORG
કેવા,B-PER
ભાઈ,B-PER
અજય,B-PER
દેવગન,I-PER
મંદિર,B-LOC
બાળ,B-PER
કમ્પ્યુટર,B-PROD
આવી,B-PER
 એક ,B-LOC
 એક બીજી ,B-EVT
અર્જુન,B-PER
કપૂર,I-PER
મલાઈકા,B-PER
કિયારા,B-PER
અડવાણી,B-PER
હાલ,B-PER
શાહિદ,I-PER
કપૂર,I-PER
મીડિયા,B-ORG
સેક્ટર,I-ORG
ભારત,B-ORG
ભારત,B-LOC
Avocado,B-ORG
Avocado,B-PROD
સ્ટીફન,B-PER
હાર્પર,I-PER
મોદી,B-PER
કેનેડા,B-LOC
કર્ણાટક,B-LOC
અજિત,B-PER
ડોભાલ,I-PER
રાષ્ટ્રીય,B-ORG
સુરક્ષા,I-ORG
પ્રેસ,B-ORG
કોન્ફ્રેન્સ,B-EVT
સ્ટાર-ડેલ્ટા,B-ORG
મનોજ,B-PER
સિન્હા,I-PER
મૂર્મુને,B-PER
LG,B-ORG
જમ્મુ કાશ્મીર,B-LOC
બધાને,B-PROD
રાજય,B-ORG
સરકાર,I-ORG
બાકી,B-LOC
કરીના,B-PER
કપૂર,I-PER
ખાન,B-PER
ચર્ચા,B-LOC
અમે,B-PER
દેશ,B-LOC
ડો.,B-PER
રાજ્ય,B-ORG
સરકાર,I-ORG
પેન,B-PROD
ચમચી,B-PROD
તેલ,B-PROD
મગજ,B-PROD
બાપ્તિસ્મા,B-PER
પ્રેરિતો,B-ORG
બાપ્તિસ્મા,B-EVT
ઈસુ,B-PER
ખ્રિસ્ત,I-PER
દેવ,B-PER
જ્ઞાની,B-PER
જેના,B-PROD
અમે,B-PER
શફદરજંગ,B-ORG
હોસ્પિટલ,I-ORG
બે,B-PER
મહાનાયક,I-PER
આતંકીઓ,B-PER
હુમલા,B-EVT
આગના,B-LOC
ઘટના,B-EVT
આરોપી,B-PER
લોકલ,B-ORG
કોર્ટ,I-ORG
એચઆઇવી,B-ORG
ત્રાસવાદીઓ,B-ORG
Name,B-PER
KDE,B-ORG
લોકો,B-PER
પથ્થરબાજી,B-LOC
Limited,B-ORG
ફોન,B-PROD
મોબાઈલ,B-PROD
પરંતુ,B-PER
બ્રહ્મપુત્ર,B-LOC
એસએ,B-PER
બોબડે,I-PER
પ્રશાંત,B-PER
ભૂષણ,I-PER
સુપ્રીમ,B-ORG
કોર્ટ,I-ORG
તેના,B-PER
પિતા,I-PER
મૃત્યુ,B-EVT
વિદેશ,B-PER
પ્રધાનો,I-PER
ભારત,B-ORG
પાકિસ્તાન,B-ORG
ન્યુ યોર્ક,B-LOC
નિર્ધારિત બેઠક,B-EVT
તમારું,B-PER
માતા,B-PER
ગંગા,I-PER
કાશી,B-ORG
કાશી,B-LOC
ડૉક્ટર,B-PER
સાથીઓ,B-PER
ભાઈઓ,B-PER
બહેનો,B-PER
જમ્મુ,B-LOC
કાશ્મીર,B-LOC
नरेन्द्र,B-PER
मоди,I-PER
मुम्बई,B-LOC
अमदावाद,B-LOC
शरुआत,B-EVT
बुलेट ट्रेन,B-PROD
બાબેલોન,B-LOC
રિયા,B-PER
ચક્રવર્તી,I-PER
સતીશ,B-PER
માનેશિંદે,I-PER
સેશન્સ,B-ORG
કોર્ટ,I-ORG
સેશન્સ કોર્ટમાં,B-LOC
પૂજા,B-PER
હેગડે,I-PER
રણવીર,B-PER
સિંહ,I-PER
કરીશ,B-PER
આગામી દિવસ,B-EVT
સોનાક્ષી,B-PER
સિન્હા,I-PER
સલમાન,B-PER
ખાન,I-PER
બોલ્યુડ,B-ORG
દબંગ ફિલ્મ,B-EVT
કારકિર્દી,B-EVT
કાર્યક્રમ,B-EVT
ગ્રીન ફીલ્ડ,B-LOC
રિચા,B-PER
ભારતની,B-ORG
સંસદ,I-ORG
દેશ,B-LOC
રાજ્ય,B-LOC
રમખાણો,B-EVT
info,B-PER
ડુંગળી,B-PROD
ઈજાગ્રસ્ત,B-PER
ભાવનગર,B-ORG
હોસ્પિટલ,I-ORG
ભાવનગર,B-LOC
મિસ્ટ્રેસ,B-PER
પત્તા,B-PROD
મરી,B-PROD
લવિંગ,B-PROD
ઢોંગીઓ,B-LOC
સભાસ્થાન,B-LOC
રસ્તાઓ,B-LOC
વિકાસદર,B-ORG
યહોવાહ,B-PER
યહોવાહના,B-ORG
મિત્ર,I-ORG
ભારત,B-LOC
ઓલઆઉટ,B-EVT
વર્ષના અંતે,B-EVT
મોદી,B-PER
નરેન્દ્ર,B-PER
મોદી,I-PER
પ્રધાનમંત્રીનું,B-ORG
કાર્યાલય,I-ORG
નીતિ,B-ORG
આયોગ,I-ORG
રાષ્ટ્રપતિ,B-ORG
ભવન,I-ORG
નવી દિલ્હી,B-LOC
નીતિ આયોગની ગવર્નિંગ કાઉન્સિલની ચોથી બેઠક,B-EVT
એરિયા,B-LOC
નરેન્દ્ર,B-PER
મોદી,I-PER
અશરફ,B-PER
ગની,I-PER
આમિર,B-PER
અમાનુલ્લાહ,I-PER
ખાન,I-PER
ભારત,B-ORG
અફઘાનિસ્તાન,B-LOC
હેરાત,B-LOC
મૈત્રી બંધના,B-EVT
ઉત્તર-પૂર્વ,B-LOC
ઈશાન,B-LOC
ઘર,B-LOC
અદાણી,B-ORG
એન્ટરપ્રાઇઝીસ,I-ORG
લિમિટેડ,I-ORG
ત્રણ એરપોર્ટ,B-LOC
મોદી,B-PER
ગાઝિયાબાદ,B-ORG
જિલ્લા,I-ORG
ગાઝિયાબાદ,B-LOC
મોદીનગર,B-LOC
મીણબત્તી,B-LOC
ભીષણ આગ,B-EVT
મીણબત્તી,B-PROD
વિકી,B-PER
કૌશલ,I-PER
અનિલ,B-PER
કપૂર,I-PER
કરીના,B-PER
કપૂર,I-PER
ખાન,I-PER
આલિયા,B-PER
ભટ્ટ,I-PER
ભૂમિ,B-PER
પેડણેકર,I-PER
પાકિસ્તાન,B-LOC
જેના,B-PER
એક,B-PER
માણસ,I-PER
ક્રીક,B-PROD
ઘોડો,B-PROD
યુરોપ,B-ORG
પતિ,B-PER
પત્ની,B-PER
પીયૂષ,B-PER
ગોયલ,I-PER
હું,B-PER
ડૉકટર્સ,B-PER
ઘટનામાં,B-PER
પ્રયાસ,B-EVT
પહારો,B-PER
કોંગ્રેસ,B-ORG
યહોવાહ,B-PER
તે,B-PER
આગામી દિવસોમાં,B-EVT
શોના,B-PER
જિલ્લા,B-PER
શિક્ષણ,I-PER
અધિકારી,I-PER
જિલ્લા,B-LOC
બ્લડ પ્રેશર,B-PROD
હજું,B-PER
જમીન,B-LOC
ભારત,B-LOC
ધર્મોલ્લાસભેર,B-ORG
મોરબી,B-LOC
મહોત્સવ,B-EVT
રાજનાથ,B-PER
સિંહ,I-PER
અરુણાચલ,B-LOC
ચીન,B-LOC
મુલાકાત,B-EVT
ઉંચા મતદાન,B-EVT
ભાજપા,B-ORG
એનડીએ,B-ORG
રાજ્યો,B-LOC
ઘટના,B-EVT
ગઠબંધન,B-ORG
પરિવાર,B-PER
ઘટના,B-EVT
સગર્ભા,B-PER
કોંગ્રેસના,B-PER
નેતાઓ,I-PER
કાર્યકરો,B-PER
કોંગ્રેસ,B-ORG
સેવાદળ,B-ORG
રાષ્ટ્રીય પર્વ,B-EVT
હવામાન,B-PER
વિભાગ,I-PER
હવામાન,B-ORG
વિભાગ,I-ORG
દિવસભર,B-EVT
જિજ્ઞેશ,B-PER
મેવાણી,I-PER
હાર્દિક,B-PER
પટેલ,I-PER
સતીશચંદ્ર,B-PER
મિશ્રા,I-PER
પાટીદાર,B-ORG
અનામત,I-ORG
આંદોલન,I-ORG
ગુજરાત,B-LOC
કોલકાતા,B-LOC
મહારેલી,B-EVT
રમેશ,B-PER
કૌટુંબિક,B-PER
તેમને,B-PER
મા,B-PER
બાળક,B-PER
કોરોનાની મહામારી,B-EVT
પ્રથમ,B-PER
ભારત,B-LOC
મેચ,B-EVT
લોકેશન,B-LOC
સાથે,B-PER
મીઠું,B-PROD
તેલ,B-PROD
પપ્પા,B-PER
તે,B-PER
હોસ્પિટલ,B-ORG
સોમનાથ,B-PER
ચેટર્જી,I-PER
લોકસભા,B-ORG
તમે,B-PER
અધિકારીઓ,B-PER
જવાબદાર,B-ORG
અન્નદાતા,B-PER
ચીસ,B-PROD
આશીર્વાદ,B-PER
સંમેલન,B-LOC
ગૌતમ,B-PER
ગંભીર,B-PER
ગૌતમ,B-ORG
ગંભીર,I-ORG
ફાઉન્ડેશન,I-ORG
રામ,B-PER
સફાળા,B-LOC
તેની,B-PER
હત્યા,B-EVT
અદાલતી,B-ORG
લડાઈ,B-EVT
दयानी,B-PER
સંસદ,B-ORG
સૈફ,B-PER
ભારત,B-LOC
ફુટબોલ ચેમ્પિયનશીપ,B-EVT
અમદાવાદ,B-LOC
ટીસીએસ,B-PER
ભાજપ,B-ORG
પોલીસ,B-PER
પોલીસ,B-ORG
લેનોવો,B-PER
ફોલ્ડેબલ લેપટોપ,B-PROD
જોન,B-PER
સ્મોલ,I-PER
થોમસ,B-PER
બ્રેટ,I-PER
પીટર,B-PER
પાર્કર,I-PER
રાષ્ટ્રીય,B-ORG
સ્વચ્છ,I-ORG
ગંગા,I-ORG
મિશન,I-ORG
સ્વચ્છ,B-ORG
ભારત,I-ORG
મિશન,I-ORG
અમુક,B-PER
નિયમશાસ્ત્ર,B-ORG
મધ્ય પ્રદેશ,B-LOC
આ જે કૃષિ ક્રાન્તિ,B-EVT
Bill,B-PER
Ford,I-PER
Ford,B-ORG
Mahindra,B-ORG
Mahindra,B-ORG
&,I-ORG
Mahindra,I-ORG
India,B-LOC
New strategy,B-EVT
કોલેજ,B-ORG
કોલેજના ઓડીટીરિયમ હોલ,B-LOC
કાર્યક્રમ,B-EVT
અમેઠી,B-PER
MS,B-PER
Dhoni,I-PER
ટીમ,B-ORG
ઈન્ડિયા,I-ORG
આખા,B-LOC
દેશ,B-LOC
દુનિયા,B-LOC
રાજ્યસભા,B-ORG
GST બીલ,B-EVT
આરોપીઓ,B-PER
ભૂગર્ભ,B-LOC
ફરિયાદ,B-EVT
ઈસુ,B-PER
વિશ્વિક,B-ORG
મંચ,I-ORG
Metalloids,B-ORG
મંડળ,B-LOC
ત્રણ,B-PER
વ્યક્તિ,I-PER
બનાવની,B-PER
પોલીસ,B-ORG
સ્થળ,B-LOC
ઘટના,B-EVT
Vader,B-PER
એક શૌચાલય,B-LOC
દર્થ Vader માસ્ક,B-PROD
ફોન,B-PROD
સેમિનાર,B-PER
સેમિનાર,B-EVT
પાયાવિહોણી,B-EVT
સ્થાનિક,B-PER
પોલીસ,I-PER
પોલીસ,B-ORG
સ્થાનિક,B-LOC
ઘટના,B-EVT
પીએમ,B-PER
મોદી,I-PER
અમિત,B-PER
શાહ,I-PER
નીતિન,B-PER
ગડકરી,I-PER
રાજનાથ,B-PER
સિંહ,I-PER
સુષ્મા,B-PER
સ્વરાજ,I-PER
થાવરચંદ,B-PER
ગહલોત,I-PER
ભાજપ,B-ORG
રણદીપ,B-PER
હુડ્ડા,I-PER
વેલે ગામ,B-LOC
નાસિક,B-LOC
તમે,B-PER
Mishel,B-PER
Starck,I-PER
Trent,B-PER
Bolt,I-PER
Lasi,B-PER
t,I-PER
Mal,I-PER
lnga,I-PER
મોતાભાઇ,B-PER
નરેન્દ્ર,B-PER
મોદી,I-PER
ભારત,B-PER
નિશાનેબાજી,B-EVT
ભારત,B-LOC
આગેવાનો,B-PER
સલમાન,B-PER
ખાન,I-PER
મહેન્દ્ર,B-PER
સિંહ,I-PER
ધોની,I-PER
તમે,B-PER
માધવ,B-PER
દાસ,I-PER
વેંકૈયા,B-PER
નાયડૂ,I-PER
મનમોહનસિંહ,B-PER
સોનિયા,B-PER
ગાંધી,I-PER
શ્રી,B-PER
કોંગ્રેસ,B-ORG
લાલકિલ્લા,B-LOC
માધવ દાસ પાર્ક,B-LOC
શ્રી ધાર્મિક રામલીલા,B-EVT
નરેન્દ્ર,B-PER
મોદી,I-PER
ડિનર પાર્ટી,B-EVT
સરકાર,B-ORG
લોકો,B-PER
સંપૂર્ણપણે,B-ORG
મોદી,B-PER
પાકિસ્તાન,B-LOC
ભારત,B-PER
ભારત,B-ORG
બાયોટેક,I-ORG
કોવેક્સીન,B-PROD
મેં,B-PER
રમત,B-EVT
કયું,B-PER
સત્ય,B-ORG
બાળકી,B-PER
ગુજરાત,B-LOC
સાબરકાંઠા જિલ્લા,B-LOC
બળાત્કારની ઘટના,B-EVT
બ્રિટન,B-LOC
જર્મની,B-LOC
અમેરિકા,B-LOC
વિરોધ પ્રદર્શન,B-EVT
રૂમી,B-PER
ગલાતી,B-PER
પડશે,B-EVT
પ્રથમ વન-ડે,B-EVT
બીજી વન-ડે,B-EVT
વિજયભાઇ,B-PER
રૂપાણી,I-PER
રાજય,B-ORG
આથી,B-PER
પ્રતિમા,B-PER
પાર્ક,B-LOC
બાઇક,B-PROD
તેણે,B-PER
દેવ,B-PER
સમજણ,B-EVT
મુશર્રફ,B-PER
સલમાન,B-PER
સફદર,I-PER
સરકાર,B-ORG
શાળાઓએ,B-ORG
શહેર,B-LOC
પાર્ટી,B-ORG
મસાલેદાર ફુડ,B-PROD
ઉજવણી,B-EVT
અહેવાલ,B-ORG
આશા,B-PER
પ્રથમ,B-ORG
શ્રેણી,I-ORG
વિજય,I-ORG
ભારત,B-LOC
તેઓ,B-PER
કુટુંબ,B-ORG
દરેક માટે,B-EVT
મોટરસાઇકલ,B-PROD
બિલાડી,B-PROD
બધા,B-PER
તેલંગણાના,B-ORG
નારાયણપેટ,B-LOC
જિલ્લા,B-LOC
ઈશ્વરભક્ત,B-PER
સ્ટાર,B-ORG
ઇન્ડિયા,I-ORG
ટીવી,B-PROD
ડિજીટલ,B-PROD
અજય,B-PER
દેવગન,I-PER
જવાબદાર,B-PER
દાનીયેલ,B-PER
રિવીઑરી,I-PER
જુસેપે,B-PER
બેનકેટી,I-PER
વાલ્ડૅન્સીસ,B-ORG
નીચે કામચલાઉ તારીખો,B-EVT
ફોન,B-PROD
હાર્દિક,B-PER
પટેલ,I-PER
કિંજલ,B-PER
પરીખ,I-PER
પ્રભુતામા,B-ORG
દીપિકા,B-PER
પાદુકોણ,I-PER
ચર્ચા,B-EVT
એ,B-PER
બાદ,I-PER
સુપ્રીમ,B-ORG
કોર્ટ,I-ORG
જેના,B-PER
સાઉદી અરબ,B-LOC
સાઉથ આફ્રીકા,B-LOC
ડૉ.,B-PER
અજય,I-PER
કુમાર,I-PER
સંરક્ષણ,B-ORG
મંત્રાલય,I-ORG
કેરળ,B-ORG
કેડર,I-ORG
કેરળ,B-LOC
શાહ,B-PER
તુલસી,B-PER
પ્રજાપતિ,I-PER
સીબીઆઈ,B-ORG
એન્કાઉંટર કેસ,B-EVT
ઈશ્વર,B-PER
FDI,B-ORG
ભારત,B-LOC
Indian,B-ORG
Army,I-ORG
Pakistan,B-ORG
India,B-LOC
Pakistan,B-LOC
Army,B-EVT
રાજકારણ,B-PER
દુનિયામાં,B-PER
રક્ષણ,I-PER
દુનિયામાં,B-LOC
ટ્રેન,B-ORG
બુકિંગની પ્રક્રિયા,B-EVT
લોકો,B-PER
ભગવાન,B-PER
હું,B-PER
યહોવા,B-PER
હુ,B-PER
મારા,B-PER
કરતાં,I-PER
હું,B-PER
દેવની,B-ORG
મંડળી,I-ORG
બુશિંગ,B-PROD
કેપેસિટર,B-PROD
Fayir,B-ORG
Brigade,I-ORG
NDRF,B-ORG
ઘટનાસ્થળે,B-LOC
બચાવ કાર્ય,B-EVT
ભારત,B-ORG
આ દેશ,B-LOC
નેતાઓ,B-PER
આતંકવાદી,B-ORG
સંગઠનો,I-ORG
પોલીસ,B-ORG
ઘટના સ્થેળ,B-LOC
મામલો ઉગ્ર બનતા,B-EVT
કોવિન,B-PER
મે,B-PER
ભાજપ,B-ORG
યેદુરપ્પા,B-PER
ભાજપ,B-ORG
કર્ણાટક,B-LOC
રાજકીય ઉથલપાથલ,B-EVT
Kapil,B-PER
Sharma,I-PER
Malika,B-PER
Arora,I-PER
Khayan,B-PER
ચૂંક,B-PROD
એલર્જી,B-PROD
સંસ્થાનવાદ,B-ORG
માત્ર,B-LOC
મુંબઈ,B-LOC
કોલકત્તા,B-LOC
મદ્રાસ,B-LOC
દેશ,B-LOC
યુગ,B-EVT
આવ્યો,B-EVT
ફરિયાદ,B-EVT
ટ્રમ્પ,B-PER
દિલીપકુમાર,B-PER
મીનાકુમારી,B-PER
મધુબાલા,B-PER
બિહાર,B-LOC
પકડવા વિવાહ,B-EVT
સ્થિર જગ્યા,B-LOC
સફેદ વિમાન,B-PROD
UN,B-ORG
યુએન,B-ORG
હ્યુમન,I-ORG
રાઇટ્સ,I-ORG
કાઉન્સિલ,I-ORG
ઇરાક,B-ORG
ఇరాక,B-LOC
લાલ વાડ,B-LOC
પેનડ,B-PROD
વલ્લભાચાર્ય,B-PER
વલ્લભકુળ,B-PER
વંશજો,B-LOC
બેઠકો,B-LOC
સ્થાનો,B-LOC
EPFO,B-ORG
Covid-19,B-EVT
Lockdown,B-EVT
પછી,B-PROD
ગાજર,B-PROD
ડુંગળી,B-PROD
બટાટા,B-PROD
રાષ્ટ્રપતિ,B-PER
ડોનાલ્ડ,B-PER
ટ્રમ્પ,I-PER
Rahul,B-PER
Gandhi,I-PER
ભાજપ,B-PER
સૈનિક,I-PER
ભાજપ,B-ORG
દર્શનશાસ્ત્ર,B-ORG
સમજૂતીકરાર,B-EVT
યહોવા,B-ORG
યોગી,B-PER
આદિત્યનાથ,I-PER
ઉત્તરપ્રદેશ,B-ORG
નગરનિગમ,I-ORG
ચૂંટણી,B-EVT
સ્ત્રીઓ,B-PER
ખાંડ - 1 ચપટી,B-PROD
સુનિલ,B-PER
નારાયણ,I-PER
એવીન,B-PER
લુઈસ,I-PER
શિમરોન,B-PER
હેટમાયર,I-PER
નિકોલસ,B-PER
પૂરન,I-PER
કાયરન,B-PER
પોલાર્ડ,I-PER
રોવમેન,B-PER
પોવેલ,I-PER
કાર્લોસ,B-PER
બ્રેથવેટ,I-PER
કીમો,B-PER
પોલ,I-PER
ખેરી,B-PER
પેરી,I-PER
શેલ્ડન,B-PER
કોટરેલ,I-PER
જોન,B-PER
કેમ્બેલ,I-PER
જેસન,B-PER
મોહમ્મદ,I-PER
ઓશેન,B-PER
થોમસ,I-PER
જેકી,B-PER
શ્રોફ,I-PER
ગેંગસ્ટર,B-ORG
વિરાટ,B-PER
કોહલી,I-PER
અનુષ્કા,B-PER
ભારતીય,B-ORG
ક્રિકેટ,I-ORG
તમે,B-PER
હું,B-PER
તમારું ઘર,B-LOC
સરકાર,B-PER
સરકાર,B-ORG
પ્રશ્ને,B-EVT
કેલિફોર્નિયા,B-ORG
ઇન્સ્ટિટ્યુટ,I-ORG
ઓફ,I-ORG
ટેકનોલોજી,I-ORG
ખેડૂતો,B-PER
કહેર,B-LOC
કોરોના વાયરસ,B-PROD
મોદી,B-PER
તેમણે,B-PER
હુમલા,B-EVT
મેચ,B-PER
મેચ,B-EVT
ઈસુ,B-PER
ખ્રિસ્ત,I-PER
સ્વર્ગ,B-LOC
પૃથ્વી,B-LOC
બજેટ 2018,B-EVT
મામલે,B-PER
પોલીસ,B-ORG
આમિર,B-PER
ખાન,I-PER
મુંબઈ,B-LOC
મહારાષ્ટ્ર,B-ORG
વિધાનસભા,I-ORG
મહારાષ્ટ્ર,B-LOC
અજય,B-PER
એક,B-PER
વરિષ્ઠ,I-PER
અધિકારી,I-PER
ડિસ્ક,B-PROD
નરેન્દ્ર,B-PER
મોદી,I-PER
ડોનાલ્ડ,B-PER
ટ્રમ્પ,I-PER
તમને,B-PER
આસામ,B-PER
ભારત,B-ORG
ભારત,B-LOC
વિગતો,B-PER
ઇમરાન,B-PER
ખાન,I-PER
જેનેલિયા,B-PER
ડિસૂજા,I-PER
મારો,B-PER
વાયરસ,B-EVT
ભલામણ,B-PER
દૈનિક,B-EVT
રકમ,B-PROD
ભાજપ,B-ORG
સીપીઆઈ,B-ORG
ઘટના,B-EVT
શ્રી,B-PER
નીતિન,I-PER
ગડકરી,I-PER
માર્ગ,B-ORG
અને,I-ORG
ધોરીમાર્ગ,I-ORG
મંત્રીઓ,I-ORG
કેન્દ્રીય,B-ORG
MSME,I-ORG
કોઅર જિઓ ટેક્સટાઇલ,B-PROD
અરજી,B-PER
ઇંટ મકાન,B-LOC
Road,B-LOC
Block,B-LOC
Tyreo,B-PROD
રોડ,B-LOC
હું,B-PER
આસપાસ,B-LOC
શહેર,B-ORG
કોટડા,I-ORG
પોલીસ,B-ORG
કોટડા,B-LOC
પોલીસ સ્ટેશન,B-LOC
બરફ,B-LOC
રાજકોટ,B-LOC
કૌટુંબિક,B-PER
ભાઈ,B-PER
કાકી,B-PER
દીકરી,B-PER
વ્યક્તિગત,B-PER
['વિકાસ'],B-EVT
નીતૂ,B-PER
કપૂર,I-PER
રણબીર,B-PER
સ્વ,B-EVT
amame,B-PER
આ દરમિયાન,B-EVT
સિક્સર,B-PROD
ફોર ફટકારી,B-PROD
દમાસ્ક,B-ORG
દમાસ્ક,B-LOC
ઈજા,B-EVT
આદિત્ય,B-PER
પંચોલી,I-PER
વર્સોવા,B-ORG
પોલીસ-સ્ટેશન,I-ORG
PM,B-PER
મોદી,I-PER
ITBP,B-ORG
ચીન બોર્ડર,B-LOC
બદ્રીનાથ,B-LOC
દિવાળીની ઉજવણી,B-EVT
તમારો,B-PER
તેઓ,B-PER
મહિન્દ્રા,B-ORG
યુનાયટેડ,B-ORG
વર્લ્ડ,I-ORG
કૉલેજ,B-ORG
ઑફ,I-ORG
ઈંડિયા,I-ORG
સી.આય.,B-ORG
નેશનલ,B-ORG
કાઉન્સીલ,I-ORG
ચિંતા,B-PER
ટીમ,B-ORG
ઇન્ડિયા,I-ORG
ઓસ્ટ્રેલિયા,B-LOC
ન્યુઝીલેન્ડ,B-LOC
યહોવાહ,B-PER
યરબુક,B-EVT
akhilesh,B-PER
yadav,I-PER
સમાજવાદી,B-ORG
પાર્ટી,I-ORG
યુપી,B-LOC
દિલ્હી,B-LOC
ભારત,B-LOC
અમેરિકા,B-LOC
કૅનેડા,B-LOC
બ્રાઝિલ,B-LOC
આર્જેન્ટિના,B-LOC
ચંદ્રગ્રહણ,B-EVT
પ્રધાનમંત્રી,B-PER
થર્ડ-પાર્ટી,B-ORG
ત્રણ,B-PER
વ્યક્તિઓ,I-PER
અમે,B-PER
શ્રેષ્ઠ,B-PER
મિત્ર,I-PER
સ્વિમિંગ બે,B-EVT
માછલી,B-PROD
Apple,B-ORG
ભારત,B-LOC
આઇફોન 11 સીરીઝની કિંમત જાહેર કરવામાં આવી છે,B-EVT
આઇફોન 11,B-PROD
લાકડા,B-LOC
ટેબલ,B-LOC
પવિત્ર દિવસ,B-EVT
માણસ,B-PER
દારૂબાજ,B-PROD
ખુશી,B-PER
દીપ,B-ORG
પ્રગટાવજો,B-PROD
કેપ્ટન,B-PER
એરોન,I-PER
ફિન્ચ,I-PER
ડેવિડ,B-PER
વોર્નર,I-PER
ઓસ્ટ્રેલિયા,B-LOC
હું,B-PER
Hopal,B-PER
માલસામાન,B-PROD
પોલીસ,B-PER
શાંતિ,B-ORG
સમિતિ,I-ORG
સચિન,B-PER
આ ગામ,B-LOC
તમે,B-PER
પોલીસ,B-PER
પોલીસ,B-ORG
ઘટનાની,B-EVT
CCTV,B-PROD
અનુષ્કા,B-PER
શર્મા,I-PER
વૉગ,B-ORG
મેગેઝીન,I-ORG
બિકિની,B-PROD
મેં,B-PER
ઉપસ્થિત,B-PER
મહાનુભાવ,I-PER
આજના,B-ORG
કેન્દ્ર,I-ORG
બિન્દુ,I-ORG
તમામ યુવા સાથીઓ,B-EVT
જીવનનો આ ખૂબ જ મોટો પ્રસંગ,B-EVT
રૂથ,B-PER
હિઝ્કીયા,B-PER
મરિયમ,B-PER
ઈબ્રાહીમ,B-PER
યહોવા,B-ORG
લડાઈ,B-EVT
આપણે,B-PER
યહોવાહ,B-PER
મુસા,B-PER
માથ,B-PER
પરિણીતી,B-PER
ચોપરા,I-PER
સૌફી,B-PER
ચોધરી,I-PER
દિયા,B-PER
મિર્ઝા,I-PER
એકતા,B-PER
કપૂર,I-PER
માહિ,B-PER
વીજ,I-PER
અર્જુન,B-PER
ગાંધી,B-PER
હીરાબાન,B-LOC
ગાંધીનગર,B-LOC
બાઇબલ,B-PER
...,B-ORG
ભારત,B-ORG
ટૂર્નામેન્ટ,B-EVT
દુનિયાભર,B-LOC
કોરોનાએ તબાહી,B-EVT
મિથુન,B-PER
ઘર,B-LOC
સ્ટેન્ડબાય,B-PER
અભિમન્યુ,B-PER
ઇશ્વરન,I-PER
શાહબાઝ,B-PER
નદીમ,I-PER
રાહુલ,B-PER
ચહર,I-PER
દુનિયાની,B-PER
ખાખી પાવર,B-PROD
લોકશાહી,B-PER
તેથે,B-EVT
આ,B-PER
બનાવની,I-PER
પોલીસે,B-PER
વાહન,B-PER
ચાલક,I-PER
પોલીસે,B-ORG
Shahrukh,B-PER
Ashwarya,B-PER
Amitabh,B-PER
Bachchan,I-PER
ઇવીએમ,B-ORG
મતગણતરી,B-EVT
મોલ્ડિંગ,B-PROD
મારા,B-PER
ભાજપ,B-ORG
ટીએમસી,B-ORG
બેરકપુર,B-LOC
મારામારી,B-EVT
ભાજપ,B-PER
ભાજપ,B-ORG
જેનો વિરોધ કરાયો હતો,B-EVT
એક,B-PER
ભારત,B-ORG
ભારત,B-LOC
નવા ભારતનો શંખનાદ,B-EVT
સૌથી દેશો,B-LOC
દક્ષિણ એશિયા,B-LOC
બન્ને,B-PER
સોહરાબુદ્દીન,B-PER
એન્કાઉન્ટર,B-ORG
કેસમાં,B-EVT
ભારત,B-LOC
નકવી,B-PER
કાર,B-PROD
big,B-ORG
bang,I-ORG
theory,I-ORG
big bang,B-EVT
કર્ટે,B-ORG
હાઇકોર્ટ,B-ORG
કેરળ,B-LOC
વળી,B-PER
જેઓનાં,B-PER
પ્રિયજન,I-PER
સરવૈયા,B-ORG
ભારત,B-LOC
હિન્દુસ્તાન,B-LOC
સ્પેસમાં,B-LOC
અંતરિક્ષમાં,B-LOC
એલઈઓ,B-LOC
સેટેલાઇટ,B-PROD
કમલા,B-PER
હેરિસ,I-PER
અમેરિકા,B-LOC
ચૂંટણી,B-EVT
મારા,B-PER
પિતા,I-PER
Allah,B-PER
World,B-ORG
Cup,I-ORG
World Cup,B-EVT
પોલીસે,B-PER
પોલીસ,B-PER
સુધી,B-PER
સીસીટીવી,B-ORG
ગામની શેરીઓ,B-LOC
તે,B-PER
કંગાળોના,B-PER
રાજા,I-PER
પાકિસ્તાન,B-LOC
હું,B-PER
બૉલિંગ,B-PER
બરફના બે ચમચી,B-PROD
લેબર,B-ORG
કોર્ટ,I-ORG
મારા,B-PER
બિહાર,B-ORG
સરકાર,I-ORG
બિહાર,B-LOC
કોરોના વાયરસનો ફેલાવો,B-EVT
આવો,B-ORG
સુરત,B-LOC
એક કિસ્સો સુરતમાં પણ બન્યો છે,B-EVT
માર્ગદર્શન,B-LOC
દર્દીઓ,B-PROD
દવા,B-PROD
એક ઉચ્ચસ્તરીય બેઠક,B-EVT
વિભાગો,B-ORG
સચિવોની,B-ORG
બનેલી,I-ORG
એક,I-ORG
સમિતિ,I-ORG
કાયદાકીય,B-ORG
બાબતોના,I-ORG
સચિવ,I-ORG
વિભાગ,I-ORG
પોલીસ,B-PER
સ્ટાફ,I-PER
સ્થળ,B-LOC
ઓ,B-PER
અમારા,I-PER
ઈશ્વર,I-PER
પ્રકટીકરણ,B-EVT
Kim,B-PER
Jong,I-PER
Un,I-PER
North Korea,B-LOC
નિતિન,B-PER
ગડકરી,I-PER
કેન્દ્રીય,B-ORG
માર્ગ,I-ORG
પરિવહન,I-ORG
રાજમાર્ગ,B-ORG
મંત્રી,I-ORG
ફેસબુક,B-PROD
ટ્વીટર,B-PROD
તે,B-PER
વ્યક્તિ,I-PER
જન્મ,B-EVT
જીડીપી,B-ORG
એપ્રિલ,B-EVT
જૂન,B-EVT
સરદારનગર,B-PER
પોલીસ,B-ORG
સરદારનગર,B-LOC
NSA,B-PER
અજિત,I-PER
ડોવાલે,I-PER
NSA,B-ORG
ચીન,B-LOC
વાતચીત,B-EVT
ડોનાલ્ડ,B-PER
ટ્રમ્પ,I-PER
મેલેનિયા,B-PER
ટ્રમ્પ,I-PER
ભારત,B-LOC
પ્રવાસ,B-EVT
મારુ,B-PER
અટલબિહારી,B-PER
વાજપેયી,I-PER
પીએમ,B-PER
મોદી,I-PER
સિક્કો,B-PROD
મારા,B-PER
ઉમેદવાર,B-PER
ગેસ સિલિન્ડર,B-PROD
સ્કૂલ,B-ORG
ચિદમ્બરમ,B-PER
સુપ્રીમ,B-ORG
કોર્ટ,I-ORG
નવી દિલ્હી,B-LOC
જોઆન,B-PER
ફર્નાન્ડીઝ,I-PER
નાના ટાપુઓ,B-LOC
તેઓ,B-PER
વાસ્તવમાં,B-PER
સૈફ,B-PER
અલી,I-PER
ખાન,I-PER
અમૃતા,B-PER
સિંહ,I-PER
સારા,B-PER
અલી,I-PER
ખાન,I-PER
ઈશ્વર,B-PER
એ,B-PER
ઈસુ,B-PER
સુત્રો,B-ORG
વર્લ્ડ,B-LOC
તેઓ,B-PER
વર્ષ,B-EVT
વિલિયમસન,B-PER
શ્રીદેવી,B-PER
મેચ,B-EVT
વડીલો,B-PER
વિશ્વાસુ,B-PER
બુદ્ધિમાન,B-PER
ચાકર,I-PER
પિતાજી,B-PER
Ginisa,B-PER
Ginisa,B-ORG
World,I-ORG
Record,I-ORG
Limka,B-ORG
Book,I-ORG
of,I-ORG
Records,I-ORG
સંબંધો,B-EVT
કોંગ્રેસ,B-ORG
મઘ્યપ્રદેશ,B-LOC
તેને,B-PER
ઇન્સ્ટાગ્રામ,B-ORG
કાર્ય,B-ORG
વિભાગ,I-ORG
હાલ,B-PER
પોલીસ,B-ORG
उद्धव,B-PER
ठाकरे,I-PER
મુંબઈ,B-LOC
અમદાવાદ,B-LOC
મહારાષ્ટ્ર,B-LOC
સમીક્ષા,B-EVT
આતંકવાદી,B-PER
પોલીસ,B-ORG
ફાયરિંગ,B-EVT
ધર્મેન્દ્ર,B-PER
લગ્ન,B-EVT
પેન્ટો,B-PROD
ઈબ્રાહીમ,B-PER
અખિલેશ,B-PER
યાદવ,I-PER
ડિમ્પલ,B-PER
યાદવ,I-PER
લોકસભાની ચૂંટણી,B-EVT
સરકાર,B-ORG
મારા,B-PER
ધરના આંગણામાં,B-LOC
પપૈયુ,B-PROD
સરગવો,B-PROD
અર્જુન,B-PER
કપૂર,I-PER
પરિણીતિ,B-PER
ચોપરા,I-PER
શહેર,B-LOC
રેલી,B-EVT
ઈશ્વરની આબરૂ,B-LOC
કાંકરા,B-PROD
મુરાદ,B-PER
અલી,I-PER
શાહ,I-PER
સિંધના,B-PER
મુખ્યમંત્રી,I-PER
સિંધ,B-ORG
ઘટના,B-EVT
Shabana,B-PER
Amlesh,B-PER
Kamat,I-PER
Khalapur,B-LOC
Maharashtra,B-LOC
સૂર્યદેવ,B-PER
છઠ્ઠ,B-PER
મૈયાની,I-PER
થાઇલેન્ડ,B-LOC
ભારત,B-LOC
પૂર્વી ભારત,B-LOC
હિન્દુસ્તાન,B-LOC
ઉપાસનાનું મહાપર્વ,B-EVT
આ,B-ORG
ફરાહ,B-PER
ખાન,I-PER
ઓલિવ ઓઈલ,B-PROD
પેસેન્જર,B-PER
અમદાવાદ,B-LOC
વડોદરા,B-LOC
નવસારી,B-LOC
રાજકોટ,B-LOC
વલસાડ,B-LOC
સુરત,B-LOC
ભારે વરસાદ,B-EVT
લિંગની,B-PER
સ્ત્રી,I-PER
તેની,B-PER
પોલીસ,B-ORG
કંપનીઓ,B-ORG
પાણીમાં સાજીખાર,B-PROD
પોડિયમ,B-PER
પ્રકાશ,B-PER
આસપાસ,B-ORG
જૂનાં લોકો,B-LOC
તમારી,B-ORG
ફાસ્ટ,B-ORG
ફૂડ,I-ORG
રેસ્ટોરેન્ટો,I-ORG
હાઇવે,B-LOC
આનમોલ,B-PER
યહોવા,B-ORG
વ્યક્તિ,B-PER
ડોક્ટર,B-PER
સમગ્ર અનાજ,B-PROD
વિસ્તાર,B-LOC
સર્ચ ઓપરેશન,B-EVT
એમનુ,B-PER
સારાબહેન,B-PER
માતા,B-PER
પોલીસ,B-PER
પોલીસ,B-ORG
જો,B-PER
તમે,I-PER
કોળી,B-ORG
સમાજ,I-ORG
લાંસેટ,B-ORG
અમેરિકા,B-ORG
ચીન,B-ORG
અમેરિકા,B-LOC
ચીન,B-LOC
ટ્રેડ વોર,B-EVT
કાળા મરી,B-PROD
તમે,B-PER
પછી,B-LOC
ત્યાં,B-LOC
પૃથ્વી,B-LOC
ધરતીકંપ,B-EVT
શહેર,B-LOC
વૃક્ષ ધારાશાયી,B-PROD
સમગ્ર ઘટના,B-EVT
દિગ્વિજય,B-PER
સિંહે,I-PER
સંઘ,B-ORG
બજરંગ,B-ORG
દળ,I-ORG
વિદ્યાર્થીઓ,B-PER
સર્જિકલ,B-ORG
તે,B-PER
તેના,B-PER
માતા,I-PER
તેના,B-PER
પિતા,I-PER
તે,B-PER
બે,B-PER
ભાઈ,I-PER
બે,B-PER
ભાઈ,I-PER
તે,B-PER
મોદી,B-PER
શાહ,B-PER
કોંગ્રેસ,B-ORG
લિમ્કા,B-ORG
ઈવેન્ટ,B-LOC
ઈવેન્ટ,B-EVT
મારા,B-PER
માર્યારા,B-ORG
ઘર,I-ORG
માર્યારા,B-ORG
કાર્યાલય,I-ORG
મારા ઘર,B-LOC
મારા કાર્યાલય,B-LOC
ઇતિહાસ,B-LOC
વિવેકબુદ્ધિ,B-PER
રોગ,B-PROD
આ સમયે,B-LOC
અહીં,B-LOC
2018-19,B-EVT
2014-15,B-EVT
ખેલાડી,B-PER
ક્યુટિકલ,B-PROD
આવો,B-PER
તસવીરો,B-ORG
હું,B-PER
TED,B-ORG
સ્લાઇડ,B-PROD
ગુજરાત,B-LOC
મધ્યપ્રદેશ,B-LOC
દિલ્હી,B-LOC
હરિયાણા,B-LOC
છત્તીસગઢ,B-LOC
બિહાર,B-LOC
ઝારખંડ,B-LOC
પી,B-PER
ચિદમ્બરમ,I-PER
વીરપ્પા,B-PER
મોઇલી,I-PER
કેબિનેટ,B-ORG
કેન્દ્રીય,B-ORG
નાણામંત્રી,I-ORG
કેન્દ્રીય,B-ORG
પેટ્રોલિયમ,I-ORG
મંત્રી,I-ORG
નવી દિલ્હી,B-LOC
રૂબિના,B-PER
દિલાઇક,I-PER
અર્નેસ્ટ,B-PER
હાર્ડિ,I-PER
કોંગ્રેસ,B-ORG
જેડીએસ,B-ORG
કર્ણાટક,B-LOC
લોકસભાની ચૂંટણી,B-EVT
ARMY,B-ORG
ડેરડેવિલ્સ,B-ORG
નવી દિલ્હી,B-LOC
કારિઅપ્પા ગ્રાઉન્ડ,B-LOC
પરેડ,B-EVT
સભ્ય,B-ORG
જીલ્લા,B-LOC
ગોવા,B-LOC
ઘટના,B-EVT
ત્યારે,B-ORG
કેળવણી,B-EVT
જેઓ,B-ORG
ધંધામાં,B-LOC
વેચવા,B-PROD
વડાપ્રધાન,B-PER
વાતચીત,B-EVT
सैफ,B-PER
अली,I-PER
खान,I-PER
अमृता,B-PER
सिंह,I-PER
सारा,B-PER
अली,I-PER
खान,I-PER
કાર્યકરો,B-PER
નેતાઓ,B-PER
એનએએ,B-ORG
સ્ટેન્ડિંગ,B-ORG
કમિટી,I-ORG
સેન્ટ્રલ,B-ORG
બોર્ડ,I-ORG
ઓફ,I-ORG
એક્સાઈઝ,I-ORG
એન્ડ,I-ORG
કસ્ટમ્સ,I-ORG
સીબીઈસી,B-ORG
ડાયરેક્ટોરેટ,B-ORG
જનરલ,I-ORG
ઑફ,I-ORG
સેફગાર્ડસ,I-ORG
સૌરવ,B-PER
ગાંગૂલી,I-PER
જય,B-PER
શાહ,I-PER
BCCI,B-ORG
યુએસ,B-ORG
અર્થતંત્ર,B-ORG
મિલ્ક,B-PROD
ઈસુ,B-PER
બે લૂંટારા સાથે વધસ્તંભ પર,B-EVT
English,B-LOC
ટી,B-PROD
વરિયાળી,B-PROD
મહારાષ્ટ્ર,B-LOC
કોકડું,B-PROD
ભારતીય,B-ORG
ટીમ,I-ORG
દક્ષિણ,B-ORG
આફ્રિકા,I-ORG
મેચ,B-EVT
પ્રથમ ટેસ્ટ,B-EVT
ટ્રણ,B-EVT
ગીત,B-PER
યહોવા,B-ORG
તેમણે,B-PER
ગાજર,B-PROD
મુબબ્બા,B-PER
આલિયા,B-PER
ભટ્ટ,I-PER
પાણી,B-LOC
કુવો,B-PROD
ગોખેલી,B-ORG
બીજેપી,B-ORG
તેલંગાણા,B-LOC
તમિલનાડુ,B-LOC
તેમની,B-PER
ટ્રાન્સમિશન,B-ORG
5 સ્પીડ મેન્યુઅલ ટ્રાન્સમિશન,B-PROD
Peter,B-PER
love,B-EVT
કોઈ,B-PER
કોઈ,I-PER
Pakistan,B-ORG
ઘરના,B-PER
લોકો,I-PER
ઘર,B-LOC
ભગવાન,B-PER
બુધ્ધ,I-PER
મધ-25 ગ્રામ,B-PROD
પતિ,B-PER
સાસરીયાઓ,B-PER
પોલીસે,B-ORG
તેના,B-PER
સ્થાનિક,B-ORG
પોલીસે,I-ORG
સલમાન,B-PER
ખાન,I-PER
જેક્લિન,B-PER
ફર્નાન્ડિઝ,I-PER
શાસક,B-PER
ભાજપ,B-ORG
રાજ્યસભા,B-LOC
માર્ગ,B-LOC
બેલ્યો ગામ,B-LOC
Bosa,B-ORG
માલિક,B-PER
ઘર,B-LOC
આર્કન્સોના,B-PER
વોલનટ,B-ORG
રીડ્જમાં,I-ORG
આ વખતના દિવસો,B-EVT
ફેન્સે,B-PER
બાળક,B-PER
તમને,B-PER
ગુજરાતમાં,B-ORG
વિધાનસભા,I-ORG
ગુજરાત,B-LOC
ચૂંટણી,B-EVT
કાઉન્ટડાઉન,B-EVT
તાન્યા,B-PER
Tangent,B-PER
ઈસુ,B-PER
અમેરિકી,B-ORG
સરકાર,I-ORG
રૂસ,B-LOC
વોશિંગટન,B-LOC
ફીફા વિશ્વ કપ,B-EVT
જે.,B-PER
પી.,I-PER
નડ્ડા,I-PER
ભારત,B-LOC
જો,B-PER
કોંગ્રેસ,B-ORG
સૂચનો,B-ORG
સમીક્ષા,B-ORG
તેઓ,B-PER
હજુ,B-PER
શિક્ષણ,B-ORG
દેશ,B-LOC
દેશનિકાલ,B-EVT
ભારત,B-LOC
Gujarat,B-PER
Gujarat,B-LOC
ચીન,B-LOC
કાશ્મીર,B-LOC
માં,B-LOC
અનુચ્છેદ 370 હટાવવા,B-EVT
કેલિફોર્નિયા,B-ORG
યુનિવર્સિટી,I-ORG
કેલિફોર્નિયા,B-LOC
આવા અનેક પ્રશ્નો,B-EVT
Google,B-ORG
Apple,B-ORG
Koo,B-PROD
એના,B-PER
તેના,B-PER
પોલીસ,B-ORG
તુ,B-PER
તારે,B-PER
ટાઇગર,B-PER
શ્રોફ,I-PER
દિશા,B-PER
પટણી,I-PER
બોલીવૂડ,B-ORG
ક્રિસ્ટિયાનો,B-PER
રોનાલ્ડો,I-PER
તેણે,B-PER
કોર્પોરેશન,B-ORG
વિદ્યાર્થી,B-ORG
United States,B-LOC
ખેડૂતો,B-PER
તે,B-PER
નામ,B-PER
કરીના,I-PER
કપૂર,I-PER
સૈફ,B-PER
અલી,I-PER
ખાન,I-PER
બોલીવુડ,B-ORG
ઇન્ડસ્ટ્રી,I-ORG
કામધેનુ,B-ORG
યુનિવર્સિટી,I-ORG
ગાંધીનગર,B-LOC
ગુજરાત,B-LOC
ભારત,B-LOC
માતા,B-PER
પિતા,B-PER
એક ઇંટ,B-LOC
લાકડાની બેન્ચ,B-PROD
તમારા,B-PER
જીવનસાથી,I-PER
બોઇઝ,B-PER
ગર્લ્સ,B-PER
ભારત,B-ORG
ટુર્નામેન્ટ,B-LOC
ટુર્નામેન્ટ,B-EVT
વ્યક્તિ,B-PER
રેલવે,B-PER
પોલીસ,I-PER
રેલવે,B-ORG
મહામહિમ,B-PER
રાષ્ટ્રપતિ,I-PER
શિ,B-PER
જિનપિંગ,I-PER
બ્રિક્સ,B-ORG
પોલીસની,B-PER
ટીમ,I-PER
પોલીસ,B-ORG
દારુની બોટલ,B-PROD
પ્રધાનમંત્રી,B-PER
પીએમએસએસવાય,B-ORG
દેશ,B-LOC
યોજનાની જાહેરાત,B-EVT
વર્ષ 2003માં થઈ હતી,B-EVT
ટર્શરી હેલ્થકેર સેવાઓ,B-PROD
મેડિકલ એજ્યુકેશન,B-PROD
ઈસુ,B-PER
સાઉદી,B-ORG
અરામ્કો,I-ORG
ભારત,B-LOC
ક્રૂડ ઓઇલ,B-PROD
તબીબો,B-PER
હોસ્પિટલ,B-ORG
ભાઈઓ,B-PER
બહેનો,B-PER
દેશ,B-LOC
ભારત,B-LOC
ભારત,B-LOC
વિકાસ,B-EVT
કેપિટલ,B-ORG
અથવા,B-EVT
પુરુષ,B-PER
ઘર,B-LOC
ખાદી,B-ORG
આપણે,B-PER
રોહિત,B-PER
બંસલ,I-PER
સરકાર,B-ORG
પોલીસ,B-ORG
તમે,B-PER
છોકરીઓ,B-PROD
છોકરાઓ,B-PROD
સ્ત્રી,B-PER
શૌચાલય,B-LOC
આફ્રિકા,B-LOC
માયાવતી,B-ORG
સામેલ,B-PER
સંખ્યાબંધ,I-PER
લોકો,I-PER
પોલીસે,B-ORG
કોમેન્ટરી,B-ORG
ઈસુ,B-PER
સભાસ્થાન,B-LOC
જર્મનીિયા,B-LOC
ભારતીય,B-ORG
દર્શકો,I-ORG
નવી દિલ્હી,B-LOC
તે,B-PER
એક,B-PER
યુવક,I-PER
પોલીસે,B-PER
પોલીસે,B-ORG
રેલવે,B-ORG
મંત્રાલય,I-ORG
વાહનવ્યવહાર,B-PROD
ઈન્ફ્રાસ્ટ્રક્ચર,B-PROD
વીજળી,B-PROD
તેઓ,B-PER
ઘર,B-LOC
સાજિશ,B-PER
ભાજપ,B-ORG
હોપ,B-PER
હિક્સ,I-PER
વ્હાઇટ,B-ORG
હાઉસ,I-ORG
સત્યજીત,B-PER
રે,I-PER
ટાગોર,B-PER
મોટા હાંડિયા ગામ,B-LOC
હું,B-PER
યશાયા,B-LOC
સ્ટેટ,B-ORG
બેન્ક,I-ORG
ઓફ,I-ORG
ઇન્ડિયા,I-ORG
એનસીએલટી,B-EVT
દૃષ્ટાંતમાં,B-PER
જણાવેલ,I-PER
પિતા,I-PER
દીકરા,B-PER
Arjun,B-PER
Kapoor,I-PER
Malaika,B-PER
Arora,I-PER
Rishi,B-PER
Kapoor,I-PER
New York,B-LOC
ગુસ્સો,B-PER
રાહુલ,B-PER
ગાંધી,I-PER
ઇન્ડિયા,B-LOC
સંસદ,B-LOC
રેપ ઇન ઇન્ડિયા,B-EVT
Farinone,B-PER
બીસીસીઆઈના,B-PER
એક,I-PER
વરિષ્ઠ,I-PER
અધિકારી,I-PER
બીસીસીઆઈ,B-ORG
આઈએએન,B-ORG
પણ,B-PER
જ્યારે,B-EVT
ગીતા,B-PER
દત્ત,I-PER
આશા,B-PER
ભોંસલે,I-PER
શમશાદ,B-PER
બેગમ,I-PER
શ્રી,B-PER
નરેન્દ્ર,I-PER
મોદી,I-PER
બ્રહ્મા,B-ORG
કુમારી,I-ORG
પરિવાર,I-ORG
80મી વાર્ષિક ઉજવણી,B-EVT
વરુણ,B-PER
ધવન,I-PER
સારા,B-PER
અલિ,I-PER
ખાન,I-PER
હું,B-PER
તમારી,B-ORG
બાઇબલ,B-PER
બાઇબલ,B-ORG
માસ્ક,B-PROD
સુરક્ʂજ,B-PROD
આરોગ્ય,B-ORG
મંત્રાલય,I-ORG
આઇસીએમઆર,B-ORG
ધ,B-ORG
મુસ્લિમ,I-ORG
વીમેન,I-ORG
ઈશ્વરના,B-PER
દેશ,B-LOC
ત્રાસવાદી હુમલો,B-EVT
મુંબઇ,B-LOC
મુશળધાર વરસાદ,B-EVT
આખા દેશ,B-LOC
હિંસાની આ ઘટના,B-EVT
યહોવાહ,B-PER
યહોવા,B-ORG
આવનાર વિનાશમાંથી બચવા,B-EVT
એ,B-ORG
બધી,I-ORG
રાજ્ય,B-ORG
સરકાર,I-ORG
તમને,B-PER
દરદી,B-PER
નર્સો,B-PER
ભારત,B-LOC
યુવાન,B-PER
દવાખાને,B-ORG
તેમને,B-PROD
પરંતુ,B-PER
પ્રકટીકરણ,B-EVT
કર્મચારી,B-PER
વેનિલા,B-PROD
Mohammad,B-PER
Shami,I-PER
Ishant,B-PER
Sharma,I-PER
Umesh,B-PER
Yadav,I-PER
Jasprit,B-PER
Bumrah,I-PER
Hardik,B-PER
Pandya,I-PER
સ્ત્રી,B-PER
જીરાફ,B-PER
એક લાકડાના વાડ,B-LOC
પીસાઇ,B-PROD
નાયર,B-ORG
હોસ્પિટલ,I-ORG
મુંબઈ,B-LOC
ભારે વરસાદ,B-EVT
મોદી,B-PER
રામનાથ,B-PER
કોવિંદ,I-PER
સંસદ,B-ORG
ભવન,B-LOC
પ્રિયા,B-PER
પ્રકાશ,B-PER
બોલીવુડ,B-ORG
શ્રીદેવી,B-ORG
બંગલો,I-ORG
પાદરા,B-LOC
ગુજરાત,B-LOC
ભારત,B-LOC
વડોદરા,B-LOC
તા.પાદરા,B-LOC
પાદરા તાલુકા,B-LOC
નવી નોંધો,B-LOC
નવી નોંધો,B-EVT
સેના,B-ORG
સરહદ,B-LOC
ઘૂસણખોરી,B-EVT
આપી,B-PER
સૂત્રોએ,B-EVT
બેલ્જિયમ,B-LOC
પ્રથમ કેસ,B-EVT
કોરોના વાયરસ,B-PROD
મેં,B-PER
પોલીસ,B-ORG
મિસ્ટી,B-PER
ફોન,B-PROD
લોકાર્પણ,B-ORG
વિવિધ વિકાસ કામોનું,B-EVT
અમેરિકા,B-LOC
લેટિન અમેરિકા,B-LOC
સ્ટોપ,B-LOC
બસ,B-PROD
ઈરફાન,B-PER
ખાન,I-PER
બોલિવૂડ,B-LOC
ઈસુ,B-PER
કબર,B-LOC
રાજ્યો,B-ORG
વિડિયો કોન્ફરન્સ,B-EVT
પીએમ,B-PER
મોદી,I-PER
રાહુલ,B-PER
ગાંધી,I-PER
નોટબંધી,B-EVT
કબીર,B-PER
બેદી,I-PER
પૂજા,B-PER
બેદી,I-PER
આલિયા,B-PER
ફર્નિચરવાલા,B-PROD
રાષ્ટ્રપ્રમુખ,B-PER
તેમ,B-PER
સારા,B-PER
અલી,I-PER
ખાન,I-PER
કાર્તિક,B-PER
આર્યન,I-PER
Rahul,B-PER
Gandhi,I-PER
Raghul,B-PER
Gandhi,I-PER
Congress,B-ORG
Kerala,B-LOC
Kottayam,B-LOC
Vayanaad,B-LOC
સુરિંદર,B-PER
કુમાર,I-PER
સ્પેશ્યિલ,B-ORG
પોલીસ,I-ORG
કાજલ,B-PER
અગ્રવાલ,I-PER
બોલિવુડ,B-ORG
કેટરિના,B-PER
કૈફે,I-PER
રણબીર,B-PER
કપૂર,I-PER
મહિલાઓ,B-PER
પુરૂષો,B-PER
કેન્દ્રિય,B-PER
મંત્રી,I-PER
કેન્દ્રિય,B-ORG
મંત્રીમંડળ,I-ORG
રીનોવેશન,B-PROD
પોલીસ,B-ORG
મોદી,B-PER
વિવેક,B-PER
ઓબેરોય,I-PER
સુરેશ,B-PER
ઓબેરોય,I-PER
બોમન,B-PER
ઈરાની,I-PER
વહીદા,B-PER
રહેમાન,I-PER
દર્શન,B-PER
કુમાર,I-PER
મનોજ,B-PER
જોશી,I-PER
જય,B-PER
ભટ્ટ,I-PER
વિરલ,B-PER
શુક્લ,I-PER
ઘટનાસ્થળ,B-LOC
ઘટના,B-EVT
ફાયરની ગાડીઓ,B-PROD
કોવિડ,B-ORG
કેર,I-ORG
સલમાન,B-PER
ખાન,I-PER
સલીમ,B-PER
ખાન,I-PER
મોદી,B-PER
ગુજરાત,B-LOC
કચ્છ,B-LOC
કંડલા,B-LOC
આપણ,B-EVT
કલેક્ટર,B-PER
રાજ,B-PER
ઠાકરે,I-PER
રાહુલ,B-PER
ગાંધી,I-PER
કોંગ્રેસ,B-ORG
રાજસ્થાન,B-LOC
મધ્યપ્રદેશ,B-LOC
છત્તીસગઢ,B-LOC
PFRDA,B-ORG
Sanjiv,B-PER
Bhatt,I-PER
Jamnagar,B-ORG
Sessions,I-ORG
Court,I-ORG
Jamajodhpur,B-LOC
custodial death case,B-EVT
પ્રધાનમંત્રી,B-PER
શ્રી,I-PER
નરેન્દ્ર,I-PER
મોદી,I-PER
રાષ્ટ્રીય,B-ORG
કમિશન,I-ORG
(એનસીએચ),I-ORG
મંત્રીમંડળ,B-ORG
સેન્ટ્રલ,B-ORG
કાઉન્સિલ,I-ORG
ફોર,I-ORG
હોમિયોપેથી,I-ORG
(સીસીએચ),I-ORG
સ્થાપના,B-EVT
જમણો,B-PER
તેના,B-PER
લગ્ન,B-EVT
પરંતુ,B-PER
હોસ્પિટલ,B-ORG
માણસ,B-PER
પરબતપુરા,B-LOC
ભીમપુરા,B-LOC
ધોળાકુવા,B-LOC
થિયેટર,B-ORG
assistant,B-PER
આસિસ્ટન્ટ,B-ORG
અશોક,B-PER
ગહેલોત,I-PER
સચિન,B-PER
પાયલ્ટ,I-PER
રાજસ્થાનના,B-ORG
શપથ ગ્રહણ,B-EVT
વ્યક્તિ,B-PER
પોલીસ,B-ORG
આગ્રો,B-ORG
ઇન્ડસ્ટ્રીયલ,I-ORG
કાર્ય યોજના,B-EVT
યુસફ,B-PER
એમઓયુ,B-PER
ઓસ્ટ્રેલિયા,B-LOC
ભારત,B-LOC
તે,B-PER
મેરી,B-PER
ગાંધીજી,B-PER
લાલ કિલ્લા,B-LOC
એલ,B-ORG
એલ,I-ORG
બી,I-ORG
પોલીસે,B-PER
પોલીસ,B-ORG
અંગે અકસ્માત મોતનો ગુન્હો,B-EVT
ત્યાં,B-LOC
મને,B-PER
ઑબ્જેક્ટ,B-PROD
Tesla,B-ORG
Tesla,B-ORG
India,I-ORG
Motors,I-ORG
and,I-ORG
Energy,I-ORG
Private,I-ORG
Limited,I-ORG
India,B-LOC
Bengaluru,B-LOC
કોણ,B-PER
ભારત,B-LOC
નારાજગી,B-PER
હું,B-PER
FSFL,B-PER
team,I-PER
FSFL,B-ORG
Location not specified,B-LOC
called,B-EVT
માનચેસ્ટર,B-LOC
ચંદ્રમુખી,B-PER
મુકેશ,B-PER
ગૌડ,I-PER
ટી,B-PER
રાજા,I-PER
સિંહ,I-PER
કોંગ્રેસ,B-ORG
ભારતીય,B-ORG
જનતા,I-ORG
પાર્ટી,I-ORG
ત્રીજું ક્વાર્ટર,B-LOC
SBI,B-ORG
ભાઈ,B-PER
ભેનો,B-PER
ભારત,B-LOC
ઈસબુભાઈ,B-PER
દક્ષિણ કોરિયા,B-LOC
પ્યૉંગચાંગ,B-LOC
વિન્ટર ઑલિમ્પિક,B-EVT
સરકાર,B-PER
સરકાર,B-ORG
બીજીવાર આવી ઘટના,B-EVT
આરોપી,B-PER
કોન્સ્ટેબલ,B-PER
પોલીસ,B-ORG
રોઝ વોટર,B-PROD
ના,B-PER
પ્રમુખે,I-PER
જેના,B-PER
ફિલિપી,B-PER
પવિત્ર,B-ORG
આ,B-ORG
અસમિયાં,I-ORG
કલ્ચરનો,I-ORG
ડ્રેસ,B-PROD
વિરાટ,B-PER
કોહલી,I-PER
અનુષ્કા,B-PER
શર્મા,I-PER
કાર,B-PROD
તેમણે,B-PER
મન્ના,B-PER
ભારત,B-LOC
ઈસુ,B-PER
આ,B-PER
પ્રોટોકોલ,B-ORG
આવક પર,B-LOC
આવક પરના વેરા સંબંધી નાણાકીય કરચોરી,B-EVT
પટેલ,B-PER
ભાજપ,B-ORG
ગ્રામીણ વિસ્‍તારો,B-LOC
જેસન,B-PER
આફ્રિકા,B-LOC
એકજ MOVED ઘટનાઓ,B-EVT
તેણે,B-PER
પગી,B-LOC
વ્યાપાર,B-PER
મહિલા,I-PER
નોકરી,B-ORG
આરોપી,B-PER
ક્રાઈસ્ટચર્ચ,B-ORG
મસ્જિદ,I-ORG
ક્રાઈસ્ટચર્ચ,B-LOC
હુમલા,B-EVT
સાંસ્કૃતિક,B-ORG
પ્રોગ્રામો,B-EVT
સ્પૂન ઘી,B-PROD
મીઠું,B-PROD
નીતિ,B-PER
ઉપરાંત,B-PER
હાલમાં,B-ORG
ત્રાસવાદીઓ,B-PER
આરોપી,B-PER
યોગ,B-PROD
એલેક્સ,B-PER
પ્રેક્ટિસ,B-ORG
મેચ,I-ORG
સિડની,B-LOC
રમાઇ રહ્યો છે,B-EVT
જમ્મુ,B-LOC
કાશ્મીર,B-LOC
જનતા,B-PER
વડોદરા,B-LOC
છોટાઉદેપુર,B-LOC
દાહોદ,B-LOC
પંચમહાલ,B-LOC
મહીસાગર,B-LOC
રાહુલ,B-PER
ગાંધી,I-PER
કોંગ્રેસ,B-ORG
ઘરમાં,B-LOC
કહ્યું,B-PER
પાર્ટી,B-ORG
સરકાર,B-ORG
વિરાટ,B-PER
કોહલી,I-PER
અનુષ્કા,B-PER
શર્મા,I-PER
પોલીસ,B-PER
ડ્રાઈવર,I-PER
પોલીસ,B-ORG
તેના,B-PER
મઘરોળ ગામ,B-LOC
તે,B-PER
શુન,B-PER
સરકાર,B-ORG
પોલીસ,B-PER
પોલીસ,B-ORG
અકસ્માત,B-EVT
@CovidIndiaSeva,B-PER
મનમોહન,B-PER
સિંહ,I-PER
હું,B-PER
હિન્દૂ,B-ORG
Anurag,B-PER
Kashyap,I-PER
ઉત્તર પ્રદેશ,B-LOC
મધ્ય પ્રદેશ,B-LOC
ગુજરાત,B-LOC
હરિયાણા,B-LOC
રાજસ્થાન,B-LOC
મહારાષ્ટ્ર,B-LOC
મારી,B-ORG
સરકાર,I-ORG
કોલકાતા,B-ORG
નાઈટ,I-ORG
રાઈડર્સ,I-ORG
રાજસ્થાન,B-LOC
પ્લેઓફ,B-EVT
વૈજ્ઞાનિકો,B-PER
લોટરી,B-EVT
સ્ટ્રોબેરી,B-PROD
સમારેલી ખજૂર,B-PROD
શહેર,B-LOC
તાલુકા,B-LOC
શોભાયાત્રા,B-EVT
સફળ ફિલ્મો,B-PROD
શાઊલ,B-PER
ચીન,B-ORG
વિદેશ,I-ORG
મંત્રાલય,I-ORG
ઈસ્રાએલ,B-LOC
ભારત,B-LOC
ચીન,B-LOC
ટ્રક,B-LOC
માર્ગ,B-LOC
સ્ટોપ સાઇન,B-LOC
ઉતરાદ્ધનો આરંભ,B-EVT
ડ્યુઅલ સ્માર્ટ એમ્પ્લિફાયર,B-PROD
3.5mm ઓડિયો જેક,B-PROD
જેલ,B-LOC
વિશ્વ,B-ORG
બેન્ક,I-ORG
ભારત,B-LOC
નાણાકીય વર્ષ,B-EVT
તેમને,B-PER
ભારત,B-LOC
રાહુલ,B-PER
ગાંધી,I-PER
સોનિયા,B-PER
ગાંધી,I-PER
અમેઠી,B-LOC
રાયબરેલી,B-LOC
કર્ણાટક,B-LOC
સ્થિતિ બેકાબૂ,B-EVT
હું,B-PER
હાઇડ્રેટેડ,B-PROD
પ્રધાનમંત્રી,B-PER
મહિન્દા,B-PER
રાજપક્ષે,I-PER
પ્રધાનમંત્રીનું,B-ORG
કાર્યાલય,I-ORG
પંચકૂલામાં,B-LOC
દિલ્હી,B-LOC
શ્રીલંકા,B-LOC
ઋૃષિ,B-PER
કપૂર,I-PER
નરેન્દ્ર,B-PER
મોદી,I-PER
અરૂણ,B-PER
જેટલી,I-PER
ભારતીય,B-ORG
જનતા,I-ORG
પાર્ટી,I-ORG
(ભાજપ),I-ORG
ન્યૂયોર્ક,B-LOC
લોકસભા ચૂંટણી,B-EVT
હું,B-PER
ટ્વિટર,B-ORG
ચેન્નઈ,B-ORG
સુપર,I-ORG
કિંગ્સ,I-ORG
ચેન્નઈ,B-LOC
ઈન્ડિયા,B-LOC
પ્રિયંકા,B-PER
ફરહાન,B-PER
અખ્તર,I-PER
ઝાયરા,B-PER
વસીમ,I-PER
Seven,B-ORG
Sisters,I-ORG
London Bolt,B-LOC
ભાજપ,B-ORG
અંગે,B-LOC
માલપુર,B-LOC
ઉત્તર પ્રદેશ,B-LOC
કંપની,B-ORG
હાથરસ જિલ્લા,B-LOC
તમે,B-PER
અમેરિકા,B-ORG
અમેરિકાની જેલોમાં,B-LOC
હવામાન,B-ORG
વિભાગ,I-ORG
આફત,B-EVT
પ્રધાનમંત્રી,B-PER
તામિલનાડુ,B-LOC
ભારે વરસાદ,B-EVT
ઇલેક્ટ્રિક મોબીલીટી,B-PROD
રાજ્ય,B-LOC
મોહન,B-PER
એનએસસી,B-ORG
જગ્યાએ,B-LOC
શહેરો,B-LOC
ધરતીકંપ,B-EVT
પાર્ક,B-LOC
મોટરસાયકલ,B-PROD
આ,B-PER
મોટી,B-ORG
કરા,I-ORG
રૂમ,B-LOC
ડામર,B-LOC
પાથરવામાં,B-EVT
ત્રણ,B-PER
શખ્સો,I-PER
ધરપકડ,B-EVT
રિલીઝ,B-EVT
ફિલ્મ,B-PROD
HTML,B-ORG
x1,B-ORG
y1,B-ORG
var,B-PROD
સુપ્રીમ,B-ORG
કોર્ટ,I-ORG
આ કાયદા,B-EVT
પ્રવક્તા,B-PER
ભારતીય,B-ORG
વિદેશ,I-ORG
મંત્રાલય,I-ORG
ભારતીય,B-ORG
કામદારોને,I-ORG
નિયોક્તાઓ,I-ORG
ભારત,B-LOC
જર્મન,B-LOC
અભિયાન,B-EVT
ટિકીટો,B-PROD
સ્માર્ટ શહેરો,B-PROD
સ્વચ્છ ગંગા,B-PROD
અપશિષ્ટ પ્રબંધન,B-PROD
આપણે,B-PER
મુલાકાત,B-ORG
Himesh,B-PER
Reshammiya,I-PER
Komal,B-PER
divorce,B-EVT
ભારત,B-ORG
સમજૂતી,B-EVT
નરેન્દ્ર,B-PER
મોદી,I-PER
ભારત,B-LOC
છોડ,B-PROD
બાર્નાબાસ,B-PER
સૈપ્રસ,B-ORG
સૈપ્રસ,B-LOC
કોંગ્રેસ,B-ORG
પોલીસ,B-ORG
વિધાનસભા,B-EVT
કૂચ,B-EVT
તમને,B-PER
વિરાટ,B-PER
કોહલી,I-PER
રોહીત,B-PER
શર્મા,I-PER
શિખર,B-PER
ધવન,I-PER
રહાણે,B-PER
ધોની,B-PER
શ્રેયષ,B-PER
અય્યૈર,I-PER
હાર્દિક,B-PER
પંડ્યા,I-PER
ભુવનેશ્વર,B-PER
કુમાર,I-PER
ચહલ,B-PER
કુલદીપ,B-PER
યાદવ,I-PER
બુમરાહ,B-PER
શાહિદ,B-PER
મીરા,B-PER
કપૂર,I-PER
એનટીએ,B-ORG
જેવી,B-PER
કોઈ,I-PER
વ્યક્તિનું,I-PER
મેળવી,I-PER
શકાય,I-PER
નહીં,I-PER
એલેક્ઝાંડ્રિયા,B-LOC
ત્રીજી સદી,B-EVT
સ્ટોપ સાઇન બિલ્ડિંગ,B-LOC
પદયાત્રા,B-EVT
વિન્ડીઝ,B-PROD
નરેન્દ્ર,B-PER
મોદી,I-PER
મહાત્મા,B-PER
ગાંધી,I-PER
પ્રધાનમંત્રી,B-ORG
યોનસેઈ,B-ORG
યુનિવર્સિટી,I-ORG
સિઓલ,B-LOC
લોકાર્પણ,B-EVT
વેંકૈયા,B-PER
નાયડુ,I-PER
રાજનાથસિંહ,B-PER
સોનિયા,B-PER
ગાંધી,I-PER
જેમ્સ,B-PER
બેલ્ડવિન,I-PER
કોંગ્રેસ,B-ORG
England,B-LOC
World Champions,B-EVT
શ્રીલંકાની,B-PER
પોલીસ,I-PER
પોલીસ,B-ORG
શ્રીલંકા,B-LOC
સીરિયલ વિસ્ફોટ,B-EVT
અહમદિયા,B-PER
પાકિસ્તાન,B-ORG
સીએએ,B-ORG
પાકિસ્તાન,B-LOC
Aaradhya,B-PER
Aishwarya,B-PER
I Am Gujarat,B-EVT
Bollywood News,B-PROD
Fanney Khan,B-PROD
ગુજરાત,B-LOC
મહારાષ્ટ્ર,B-LOC
રાજસ્થાન,B-LOC
સરસ્વતી,B-ORG
નદી,I-ORG
ભારત-સંયુક્ત,B-ORG
રાષ્ટ્ર,I-ORG
પીએસઆઇડીએસ,B-ORG
પરિણિતી,B-PER
ચોપરાને,I-PER
મુંબઈ,B-LOC
આપણા,B-PER
યેહૂઆબ,B-PER
રાજ્યશાસન,B-ORG
શહેર,B-LOC
નવા રાજ્યશાસન,B-EVT
ટીમ,B-ORG
ઇન્ડીયા,I-ORG
શ્રીલંકા,B-LOC
મેચ,B-EVT
નેશનલલિસ્ટ,B-ORG
કોંગ્રેસ,I-ORG
પાર્ટી,I-ORG
નેશનલ,B-ORG
કોન્ફરન્સ,I-ORG
ડીએમકે,B-ORG
તૃણમૂલ,B-ORG
કોંગ્રેસ,I-ORG
શિવસેના,B-ORG
એસપી,B-ORG
આરજેડી,B-ORG
સીપીઆઈ,B-ORG
(એમ),I-ORG
સીપીઆઈ,B-ORG
આઈયુએમએલ,B-ORG
આરએસપી,B-ORG
પીડીપી,B-ORG
એમડીએમકે,B-ORG
કેરળ,B-ORG
કોંગ્રેસ,I-ORG
(એમ),I-ORG
એઆઈયુડીએફ,B-ORG
કેરળ,B-LOC
ચહલે કારકિર્દીમાં પ્રથમ વખત,B-EVT
પૃષ્ઠભૂમિ,B-LOC
BSNL,B-ORG
ભારત,B-LOC
ખંડગ્રાસ સૂર્યગ્રહણ,B-EVT
ભારત,B-LOC
પાકિસ્તાન,B-LOC
દક્ષિણ એશિયા,B-LOC
આપણે,B-PER
એક્ટર્સ,B-PER
મંત્રીમંડળ,B-PER
પૂલ,B-ORG
કરવામાં,I-ORG
આવેલી,I-ORG
PCGS,B-ORG
રામમંદીર,B-LOC
વિદ્યાર્થીઓને ઉતારતા ઉતારતા,B-EVT
સીરમ,B-PROD
નિકાસ,B-PER
રૂમી,B-PER
સરકાર,B-ORG
રૂમી,B-ORG
મંડળમાં,I-ORG
ભારત,B-ORG
એઇડ્ઝ,B-PROD
બીચ,B-LOC
સાયકલ,B-PROD
મધમાખી,B-PROD
બોટ,B-PROD
ઈસુ,B-PER
યહોવા,B-ORG
આકાશ,B-LOC
વિજય,B-PER
વર્મા,I-PER
કલ્કી,B-PER
કેકલિન,I-PER
વિજય,B-PER
રાઝે,I-PER
ભારતીય,B-ORG
વાયુદળો,I-ORG
કાશ્મિર,B-LOC
ઇંડિયા,B-LOC
આંતકી સંગઠનના ટેરરિસ્ટ કેમ્પો પર એરસ્ટ્રાઈક,B-EVT
ગુગલીયાણા ગામ,B-LOC
સીસીટીવી,B-ORG
ઘટના,B-EVT
ચાણક્ય,B-PER
અમિત,B-PER
શાહ,I-PER
આર્ટિકલ 370,B-EVT
સ્ત્રી,B-PER
પુરુષો,B-PER
સૌરાષ્ટ્ર,B-LOC
દક્ષિણ ગુજરાત,B-LOC
અનરાધાર વરસાદ,B-EVT
દુનિયા,B-LOC
હૃતિક,B-PER
રોશન,I-PER
યામી,B-PER
ગૌતમ,I-PER
રોનિત,B-PER
રોય,I-PER
રોહિત,B-PER
રોય,I-PER
નરેન્દ્ર,B-PER
ઝા,I-PER
ફિરોઝશાહ કોટલા,B-LOC
દિલ્હી,B-LOC
મેચ,B-EVT
આરોગ્ય,B-ORG
વિભાગ,I-ORG
કોયડો,B-PROD
હેમંત,B-PER
સોરેન,I-PER
વિક્રાંતે,B-PER
લક્ષ્‍મી,B-PER
આલોક,B-PER
દીક્ષિત,I-PER
બ્રેસ્ટ ફીડિંગ,B-PROD
સોનિયા,B-PER
ગાંધી,I-PER
મુખ્યમંત્રી,B-PER
કોંગ્રેસ,B-ORG
પોલીસ,B-PER
દારુ,B-PER
પોલીસ,B-ORG
દારુ,B-PROD
તેમણે,B-PER
આંગણવાડી,B-PER
કાર્યકરો,I-PER
આંગણવાડી,B-PER
હેલ્પરો,I-PER
મહિલા,B-PER
સુપરવાઇઝરો,I-PER
એક્રિડેટેડ,B-PER
સોશિયલ,I-PER
હેલ્થ,I-PER
એક્ટિવિસ્ટ,I-PER
(ASHA),I-PER
સહાયક,B-PER
નર્સો,I-PER
દાયણો,B-PER
(ANM),I-PER
વિશ્લેષકો,B-PER
ભારતીય,B-ORG
બોક્સ,I-ORG
ઓફિસ,I-ORG
ઈસુ,B-PER
જમ્મુ,B-LOC
કાશ્મીર,B-LOC
દેશ,B-LOC
આગની ઘટના,B-EVT
જોકે,B-ORG
TV,B-PROD
સેમસંગ,B-ORG
નોએડા,B-LOC
સેક્ટર 81,B-LOC
ભાઈ,B-PER
જમ્મૂ,B-LOC
કાશ્મીર,B-LOC
ફેશવોશ,B-PROD
મૃતક,B-PER
ડિજિટાઈઝેશન,B-EVT
તે,B-PER
પોલીસ,B-ORG
ત્યાં,B-LOC
સ્ટ્રીટ્સ,B-LOC
પોલીસ કંટ્રોલ રૂમમાં,B-LOC
મિત્ર,B-PER
દેશો,B-LOC
પોલીસ,B-PER
સીસીટ્ટવી,B-ORG
એફએસએલ,B-ORG
કહ્યું,B-PER
સરકારે,B-ORG
કેતુલે,B-PER
ગડી,B-LOC
દૂધ,B-PROD
પેનલ,B-ORG
ઇન્ટરવ્યૂ,B-EVT
નિર્મલા,B-PER
સીતારમણ,I-PER
ભાજપ,B-ORG
કોંગ્રેસ,B-ORG
તમે,B-PER
ખ્રિસ્ત,B-PER
પોલીસ,B-ORG
આરોપી,B-PER
રિચાર્ડ,B-PER
થોમ્પ્સન,I-PER
જમીન,B-LOC
હથેળીઓ,B-PROD
ભાજપી,B-PER
નેતાઓ,I-PER
ભાજપી,B-ORG
રાજય,B-LOC
નીકળવું,B-EVT
પોલીસ,B-PER
જવાન,I-PER
ભાજપ,B-ORG
પ્રદેશ,B-LOC
ગેલેરી,B-ORG
સાહિદ,B-PER
ખાન,I-PER
ભારત,B-LOC
મુંબઇ,B-LOC
નવી દિલ્હી,B-LOC
અમૃતસર,B-LOC
પાકિસ્તાન,B-LOC
જાહેરાત,B-EVT
આહાર,B-PROD
ડ્રમિંગ,B-PROD
આપણે,B-ORG
આલિયા,B-PER
ભટ્ટ,I-PER
મુંબઈના,B-ORG
એરપોર્ટ,I-ORG
મુંબઈ,B-LOC
કાર,B-PROD
સ્વર્ગીય,B-PER
અટલ,I-PER
બિહારી,I-PER
વાજપેયી,I-PER
પ્રવાસી ભારતીય દિવસ,B-EVT
ઈરાનના,B-PER
વિદ્વાનો,I-PER
અને,I-PER
વિચારકો,I-PER
ઈરાન,B-LOC
સેન્ટ પીટ્સબર્ગ,B-LOC
મોટી વિપત્તિ,B-EVT
નીતિન,B-PER
ગડકરી,I-PER
રાજમાર્ગ,B-ORG
કેન્દ્રીય માર્ગ,B-LOC
Facebook,B-PROD
Twitter,B-PROD
ભારત,B-LOC
પાકિસ્તાન,B-LOC
કાશ્મીર,B-LOC
ગાંધીજી,B-PER
પ્રધાનમંત્રી,B-PER
ભારત,B-ORG
ભારત,B-LOC
પિતા,B-PER
જસ્ટિસ,B-PER
ચેલામેશ્વર,I-PER
ર,B-PER
ઈસમો,B-PER
પોલીસ,B-ORG
staff,B-ORG
govt,B-ORG
પ્રતિભાશાળી,B-PER
કવિ,I-PER
એક,B-PER
નાટ્ય,I-PER
લેખક,I-PER
લેખક,B-PER
ફાબ્યુલિસટ,B-PER
પોલીસ,B-ORG
શમશાબાદ,B-LOC
સિડ્ડુલાગટ્ટા રોડ,B-LOC
રાજનાથ,B-PER
સિંહ,I-PER
કેન્દ્રીય,B-ORG
સંરક્ષણ,I-ORG
મંત્રી,I-ORG
પટના,B-LOC
હરસ-મસા,B-PROD
વડા,B-PER
પ્રધાન,I-PER
માછેલાઇ ગામ,B-LOC
કેવુ,B-PER
ગુંડારાજ,I-PER
જિતેન્દ્ર,B-PER
કોંગ્રેસ,B-ORG
હિંમતવાલા,B-PROD
તમે,B-ORG
તમારા,B-ORG
પ્રાપ્તિ,B-EVT
બોમ્બ બ્લાસ્ટ,B-EVT
1827 કાયદાઓ,B-EVT
બોમ્બ,B-PROD
સમિતિ,B-ORG
બારત,B-LOC
પ્રત્યાર્પણ સંધિ,B-EVT
રોહિત,B-PER
શર્મા,I-PER
શિખર,B-PER
ધવન,I-PER
વિરાટ,B-PER
કોહલી,I-PER
શ્રેયસ,B-PER
ઐયર,I-PER
ઋષભ,B-PER
પંત,I-PER
હાર્દિક,B-PER
પંડ્યા,I-PER
રવિન્દ્ર,B-PER
જાડેજા,I-PER
વોશિંગ્ટન,B-PER
સુંદર,I-PER
દીપક,B-PER
ચહર,I-PER
રાહુલ,B-PER
ચહર,I-PER
નવદીપ,B-PER
સૈની,I-PER
ભારત,B-LOC
મૃતક,B-PER
પોલીસ,B-ORG
કસુવાવડ,B-LOC
ઘટના,B-EVT
સરથાણા,B-ORG
પોલીસ,I-ORG
સરથાણા,B-LOC
પરીક્ષા,B-EVT
પેપર-પેન,B-PROD
સ્વરા,B-PER
ભાસ્કર,I-PER
સુધીર,B-PER
મિશ્રા,I-PER
રેખા,B-PER
ભારદ્વાજ,I-PER
અનુભવ,B-PER
સિંહા,I-PER
દિયા,B-PER
મિર્ઝા,I-PER
રાહુલ,B-PER
ધોળકિયા,I-PER
અલી,B-PER
ફઝલ,I-PER
નીરજ,B-PER
ઘાયવાન,I-PER
રીમા,B-PER
કાગતી,I-PER
હંસલ,B-PER
મહેતા,I-PER
વિક્રમાદિત્ય,B-PER
મોટવાણે,I-PER
સૌરભ,B-PER
શુક્લા,I-PER
રાજકુમાર,B-PER
ગુપ્તા,I-PER
આમિર,B-PER
ખાન,I-PER
કેટરીના,B-PER
અમિતાભ,B-PER
બચ્ચન,I-PER
નાયબ,B-PER
સાથે,B-PER
સોનાક્ષી,B-PER
ફિલ્મ,B-ORG
એરો,B-ORG
ઈન્ડિયા,I-ORG
બેંગલુરુ,B-LOC
હોસ્પિટલ,B-LOC
ફેન્સ,B-ORG
પ્રધાનમંત્રી,B-PER
શ્રી,I-PER
નરેન્દ્ર,I-PER
મોદી,I-PER
યુકેના,B-PER
પ્રધાનમંત્રી,I-PER
શ્રી,I-PER
બોરિસ,I-PER
જ્હોન્સન,I-PER
UN,B-ORG
એજન્સી,I-ORG
સિવિલ,B-ORG
સોસાયટી,I-ORG
વર્ચ્યુઅલ વૈશ્વિક રસી સમિટ,B-EVT
ગૌતમ,B-PER
તિન્નાનુરી,I-PER
મીનાક્ષી,B-PER
રાહુલ,B-PER
ગાંધી,I-PER
ભાજપ,B-ORG
આરબીઆઈ,B-ORG
જે,B-PER
વ્યક્તિ,I-PER
ચેન્નઇ,B-ORG
કોલંબો,B-ORG
શ્રીલંકા,B-LOC
ચેન્નઇ,B-LOC
કોલંબો,B-LOC
પર્સન,B-PER
UPI,B-ORG
PM,B-PER
મોદી,I-PER
IDBI,B-ORG
બેંક,I-ORG
LIC,B-ORG
ડીલ,B-EVT
કેબિનેટ,B-EVT
નિર્ણય,B-EVT
રણવીર,B-PER
સિંહ,I-PER
અભિષેક,B-PER
બચ્ચન,I-PER
કોબી,B-PER
બ્રાયન,I-PER
સચીન,B-PER
પાઈલ્ટ,I-PER
કોંગ્રેસ,B-ORG
રાજસ્થાન,B-ORG
રાજસ્થાન,B-LOC
શેરી,B-LOC
રાજકારણી,B-PER
સીએમ,B-PER
સુશીલકુમાર,I-PER
મોદી,I-PER
જમ્મુ,B-LOC
કાશ્મીર,B-LOC
પાકિસ્તાન,B-LOC
કાશ્મીર,B-LOC
અનુચ્છેદ 370 હટાવાયા,B-EVT
કેન્દ્ર,B-PER
સરકાર,B-ORG
વ્યક્તિ,B-PER
શકિબ,B-PER
અલ,I-PER
હસન,I-PER
કોલકાતા,B-ORG
નાઈટ,I-ORG
રાઈડર્સ,I-ORG
કોલકાતા,B-LOC
સ્પ્રાઉટ્સ,B-PROD
સરકાર,B-ORG
પેટનું એક્સ-રે,B-PROD
બે,B-PER
રહીશો,I-PER
મોત,B-EVT
અમેરીકા,B-LOC
ઓસ્ટ્રેલિયા,B-LOC
સિંગાપુર,B-LOC
ચીન,B-LOC
આમ,B-PER
આદમી,I-PER
પાર્ટી,B-ORG
કોંગ્રેસ,B-ORG
દિલ્હી,B-LOC
સુનાવણી,B-EVT
નિર્ણય,B-EVT
કેટલાક,B-PER
તારો ਨિશ્ચય,B-EVT
પંચાયતઘર,B-ORG
દુધની,B-ORG
ડેરી,I-ORG
કેવી ગામ,B-LOC
ઈન્સ્ટીટ્યૂશન,B-ORG
ઓફ,I-ORG
એન્જિનિયર્સ,I-ORG
ઘટનાઓ,B-EVT
મોબાઇલ,B-PROD
મેઈલ,B-PROD
Endru,B-PER
Vols,I-PER
સંસ્થા,B-ORG
કાળે,B-EVT
રમકડું,B-PROD
બાઇક,B-PROD
પુસ્તક,B-PROD
ડિઝાઇનર્સ,B-ORG
મહારાષ્ટ્ર,B-LOC
વિધાનસભા,B-EVT
હું,B-PER
યુરોપિયન,B-ORG
યુનિયન,I-ORG
ક્યાં,B-LOC
બાળક,B-PER
કોર્ટ,B-ORG
સોનાક્ષી,B-PER
સિન્હાની,I-PER
અરમાન,B-PER
મલિકે,I-PER
ઈસુ,B-PER
ખ્રિસ્ત,I-PER
હું,B-PER
ગઇકાલે,B-PER
મોડી,I-PER
UDMA,B-ORG
બાર્નાબાસ,B-PER
હું,B-PER
સુલેમાન,B-PER
ગગનયાન,B-ORG
સલાહકાર,I-ORG
સમિતિ,I-ORG
ચેન્નાઇ,B-LOC
વિશાખાપટ્ટનમ,B-LOC
વન-ડે મેચ,B-EVT
યશા,B-PER
શરીફ,B-PER
મનમોહન,B-PER
સિંહ,I-PER
સંયુક્ત,B-ORG
રાષ્ટ્ર,I-ORG
ભારત,B-ORG
ન્યુયોર્ક,B-LOC
ટેસ્ટમાં,B-EVT
બાઇબલ,B-EVT
તેમણે,B-PER
લોકો,B-PER
હું,B-PER
સરકાર,B-ORG
ગીતા,B-PER
કપૂર,I-PER
મલાઈકા,B-PER
અરોડા,I-PER
ટેરેન્સ,B-PER
લુઈસ,I-PER
ભગવાન,B-PER
ઈસુ,B-PER
રોટલી,B-PROD
વિક્કી,B-PER
કૌશલ,I-PER
યામી,B-PER
ગૌતમ,I-PER
મોહિત,B-PER
રૈના,I-PER
પરેશ,B-PER
રાવલ,I-PER
કૃતિ,B-PER
કુલ્હારી,I-PER
અકસ્માત,B-PER
બાજરી,B-LOC
મતદાન,B-EVT
બંને,B-PER
શખ્સો,I-PER
દારૂ,B-PROD
બહુકોષીય,B-PER
પ્રાણી,I-PER
હતી,B-PER
ત્રણ,B-PER
લોકો,I-PER
નાની વિમાન,B-LOC
પ્રકરણથી પૂર્વ પરાજીવ યુગના પ્રથમ સમયનો અંત,B-EVT
સામાન્ય ગરમ સ્થિતિ,B-EVT
मुलायम,B-PER
सिंह,I-PER
यादव,I-PER
अखिलेश,B-PER
यादव,I-PER
मायावती,B-PER
कल्याण,B-PER
सिंह,I-PER
राम,B-PER
प्रकाश,I-PER
गुप्त,I-PER
राजनाथ,B-PER
सिंह,I-PER
श्रीपति,B-PER
मिश्र,I-PER
वीर,B-PER
बहादुर,I-PER
सिंह,I-PER
एनडी,B-PER
तिवारी,I-PER
તેમણે,B-PER
સ્વર્ગ,B-LOC
ધરતી,B-LOC
મોદી,B-PER
ભારતના,B-ORG
સરકાર,I-ORG
પોલીસ,B-ORG
ઇલેક્ટ્રિક,B-ORG
લોકો,I-ORG
શેડ,I-ORG
ભુસાવાલ,B-LOC
રામનાથ,B-PER
કોવિંદ,I-PER
ભારત,B-ORG
ભવન,B-LOC
રાષ્ટ્રપતિ ભવન,B-LOC
સંરક્ષણ પ્રતિષ્ઠાપન,B-EVT
સમારોહ,B-EVT
વીરતા પુરસ્કાર,B-EVT
વિશિષ્ટ સેવા સન્માન,B-EVT
હર્ષવર્ધન,B-PER
થિંકટેન્ક,B-PER
ભારત,B-LOC
બલૂચિસ્તાન,B-LOC
ચીન,B-LOC
તંગદિલી સર્જશે,B-EVT
દિનેશ,B-PER
ગુન્ડુરાવે,I-PER
કોંગ્રેસ,B-ORG
શિલ્પા,B-PER
શેટ્ટી,I-PER
સુનંદા,B-PER
શેટ્ટી,I-PER
સુરેન્દ્ર,B-PER
શેટ્ટી,I-PER
માધવન,B-PER
નાયર,I-PER
રાજીવન,B-PER
અનુજ,B-PER
અગ્રવાલ,I-PER
એન.સી.,B-PER
મારવા,I-PER
ડૉ,B-PER
AAI,B-ORG
રાષ્ટ્રીય,B-ORG
કુદરતી,I-ORG
આપત્તિ,I-ORG
વ્યવસ્થાપન,I-ORG
સત્તામંડળ,I-ORG
INCOIS,B-ORG
પ્રોફેશનલ્સ,B-PER
ભારતીય,B-ORG
સેના,I-ORG
આરોપી,B-PER
પરિવારજનો,B-PER
સંબંધીઓ,B-PER
ભારતીય,B-PER
ભાજપ,B-ORG
પુસ્તક,B-PROD
ફિલ્મ,B-PROD
મહેરબાની,B-PER
રાઘવ,B-PER
રાજિન્દર,B-PER
પાર્ટી,B-ORG
રાજિન્દર નગર,B-LOC
જીત,B-EVT
કબીર,B-PER
ખાન,I-PER
જમ્મુ-કાશ્મીર,B-LOC
શોપિયા જિલ્લા,B-LOC
કિલૂરા વિસ્તાર,B-LOC
હિજબુલના પાંચ આતંકીઓને ઠાર કરી દીધા છે,B-EVT
